codigo_ibg,UF,MUNIC,DMU,Score,Beta,Área_prop,Orient_tecn,Queimada,Agricultura_ organ,Trabalho_infantil,Laço_parentesco,Financiamento,Sabem_ ler,Köppen,Altitude,T_Mean,R_Mean,X,Y
1100015,Rondônia,      Alta Floresta D'Oeste,1,0.705754,0.4169252,0.98,0.00,1.00,0.02,0.05,0.88,0.86,0.33,Am,246.08,25.42,192.76,-62.2700,-12.4700
1100023,Rondônia,      Ariquemes,2,0.811216,0.2327175,0.95,0.01,1.00,0.00,0.06,0.88,0.94,0.18,Am,165.90,25.93,204.29,-62.9600,-9.9500
1100031,Rondônia,      Cabixi,3,0.622494,0.60644,0.93,0.00,1.00,0.00,0.03,0.94,0.84,0.11,Am,224.18,25.55,187.75,-60.6400,-13.4700
1100049,Rondônia,      Cacoal,4,0.683293,0.4635007,0.96,0.00,1.00,0.00,0.04,0.92,0.87,0.18,Am,229.95,25.83,197.53,-61.3200,-11.3000
1100056,Rondônia,      Cerejeiras,5,0.685926,0.4578828,0.93,0.00,1.00,0.01,0.06,0.87,0.79,0.21,Am,192.22,25.64,190.58,-61.2600,-13.2000
1100064,Rondônia,      Colorado do Oeste,6,0.635914,0.5725407,0.98,0.00,1.00,0.00,0.07,0.86,0.84,0.26,Am,359.62,25.12,191.15,-60.5500,-13.1600
1100072,Rondônia,      Corumbiara,7,0.651803,0.5342066,0.98,0.01,1.00,0.00,0.06,0.86,0.79,0.36,Am,266.89,25.44,192.66,-61.0900,-12.9300
1100080,Rondônia,      Costa Marques,8,0.738212,0.3546245,0.98,0.01,1.00,0.00,0.08,0.81,0.93,0.60,Am,190.01,25.33,201.40,-64.0600,-12.1500
1100098,Rondônia,      Espigão D'Oeste,9,0.697258,0.4341897,0.98,0.00,1.00,0.01,0.07,0.85,0.88,0.35,Am,296.94,25.65,207.11,-60.7800,-11.3500
1100106,Rondônia,      Guajará-Mirim,10,0.75083,0.3318597,0.87,0.01,1.00,0.01,0.05,0.88,0.86,0.54,Am,197.96,25.32,205.62,-64.5400,-11.3100
1100114,Rondônia,      Jaru,11,0.64627,0.5473399,0.99,0.00,1.00,0.02,0.05,0.88,0.90,0.25,Am,209.76,25.78,198.21,-62.5800,-10.5900
1100122,Rondônia,      Ji-Paraná,12,0.645759,0.548565,0.98,0.01,1.00,0.01,0.05,0.90,0.89,0.27,Am,193.68,26.00,201.83,-61.7600,-10.4600
1100130,Rondônia,      Machadinho D'Oeste,13,0.709588,0.4092688,0.93,0.01,1.00,0.04,0.08,0.83,0.88,0.38,Am,136.83,26.29,216.13,-62.0100,-9.2000
1100148,Rondônia,      Nova Brasilândia D'Oeste,14,0.695012,0.4388243,0.95,0.01,1.00,0.00,0.06,0.88,0.84,0.16,Am,249.30,25.57,189.91,-62.2800,-11.6400
1100155,Rondônia,      Ouro Preto do Oeste,15,0.626808,0.5953838,0.96,0.00,1.00,0.02,0.07,0.86,0.83,0.23,Am,220.01,25.82,196.01,-62.1700,-10.6100
1100189,Rondônia,      Pimenta Bueno,16,0.801897,0.2470422,1.00,0.00,1.00,0.00,0.03,0.93,0.92,0.27,Am,286.28,25.60,200.61,-60.8300,-11.8900
1100205,Rondônia,      Porto Velho,17,1,0,0.91,0.01,1.00,0.02,0.05,0.88,0.92,0.31,Am,120.26,25.86,208.15,-64.3100,-9.1500
1100254,Rondônia,      Presidente Médici,18,0.629223,0.5892604,0.94,0.01,1.00,0.00,0.05,0.90,0.87,0.22,Am,210.79,25.83,188.43,-61.8800,-11.1700
1100262,Rondônia,      Rio Crespo,19,0.741998,0.3477118,0.99,0.00,1.00,0.01,0.07,0.85,0.84,0.17,Am,153.27,26.04,205.40,-62.7900,-9.6500
1100288,Rondônia,      Rolim de Moura,20,0.62442,0.6014872,0.96,0.01,1.00,0.01,0.06,0.88,0.84,0.17,Am,242.23,25.65,190.60,-61.7700,-11.7300
1100296,Rondônia,      Santa Luzia D'Oeste,21,0.638211,0.5668805,0.96,0.01,1.00,0.01,0.05,0.88,0.81,0.32,Am,341.63,25.24,191.63,-61.7000,-12.0300
1100304,Rondônia,      Vilhena,22,0.818283,0.2220708,0.95,0.00,1.00,0.02,0.03,0.93,0.93,0.18,Am,409.37,25.17,205.40,-60.2500,-12.1000
1100320,Rondônia,      São Miguel do Guaporé,23,0.686933,0.4557462,0.99,0.00,0.99,0.01,0.10,0.79,0.85,0.25,Am,236.82,25.47,195.25,-62.9800,-11.6100
1100338,Rondônia,      Nova Mamoré,24,0.682939,0.4642589,0.95,0.01,1.00,0.01,0.07,0.85,0.95,0.36,Am,205.24,25.39,208.68,-64.6300,-10.3800
1100346,Rondônia,      Alvorada D'Oeste,25,0.641264,0.5594198,0.96,0.01,1.00,0.01,0.05,0.88,0.88,0.26,Am,248.65,25.55,191.15,-62.5400,-11.3100
1100379,Rondônia,      Alto Alegre dos Parecis,26,0.695116,0.4386089,0.98,0.00,1.00,0.00,0.03,0.91,0.85,0.26,Am,255.49,25.43,192.31,-61.8800,-12.5900
1100403,Rondônia,      Alto Paraíso,27,0.720612,0.3877091,0.94,0.01,0.99,0.03,0.05,0.89,0.94,0.29,Am,134.69,25.98,204.28,-63.3900,-9.6500
1100452,Rondônia,      Buritis,28,0.696193,0.4363832,0.89,0.30,1.00,0.01,0.08,0.82,0.92,0.29,Am,170.10,25.70,207.49,-63.9400,-10.0500
1100502,Rondônia,      Novo Horizonte do Oeste,29,0.626484,0.5962103,0.95,0.01,1.00,0.00,0.07,0.84,0.87,0.27,Am,252.89,25.56,190.25,-62.0800,-11.6800
1100601,Rondônia,      Cacaulândia,30,0.685013,0.4598258,0.98,0.01,1.00,0.00,0.05,0.88,0.91,0.34,Am,191.55,25.80,201.88,-62.9900,-10.3300
1100700,Rondônia,      Campo Novo de Rondônia,31,0.662654,0.509084,0.98,0.01,0.99,0.02,0.09,0.81,0.93,0.32,Am,248.65,25.42,205.55,-63.8000,-10.4800
1100809,Rondônia,      Candeias do Jamari,32,0.784904,0.2740404,1.00,0.00,1.00,0.00,0.01,0.99,0.94,0.24,Am,103.22,26.17,200.26,-63.3300,-8.8900
1100908,Rondônia,      Castanheiras,33,0.645615,0.5489115,0.99,0.01,1.00,0.01,0.08,0.84,0.80,0.22,Am,201.43,25.82,189.39,-61.8800,-11.4700
1100924,Rondônia,      Chupinguaia,34,0.805281,0.2418019,0.99,0.01,1.00,0.01,0.05,0.88,0.92,0.24,Am,329.97,25.31,195.62,-60.9000,-12.5400
1100940,Rondônia,      Cujubim,35,0.742987,0.3459185,0.94,0.01,1.00,0.00,0.04,0.92,0.97,0.21,Am,128.98,26.22,207.00,-62.5700,-9.1700
1101005,Rondônia,      Governador Jorge Teixeira,36,0.668213,0.4965279,0.99,0.00,1.00,0.00,0.07,0.85,0.95,0.23,Am,279.41,25.40,200.29,-63.1800,-10.7500
1101104,Rondônia,      Itapuã do Oeste,37,0.704281,0.4198884,0.96,0.00,1.00,0.00,0.07,0.85,0.86,0.34,Am,115.70,26.16,201.54,-63.0400,-9.1700
1101203,Rondônia,      Ministro Andreazza,38,0.612362,0.6330209,0.95,0.01,1.00,0.01,0.09,0.80,0.78,0.21,Am,304.56,25.54,193.64,-61.5700,-11.1600
1101302,Rondônia,      Mirante da Serra,39,0.619962,0.6130019,0.97,0.01,1.00,0.04,0.08,0.83,0.73,0.26,Am,271.69,25.45,195.05,-62.8500,-11.0800
1101401,Rondônia,      Monte Negro,40,0.681868,0.4665605,0.99,0.01,1.00,0.00,0.09,0.82,0.89,0.46,Am,201.29,25.70,204.16,-63.3700,-10.2100
1101435,Rondônia,      Nova União,41,0.617575,0.6192353,0.87,0.00,1.00,0.01,0.10,0.78,0.84,0.21,Am,276.91,25.51,193.14,-62.5300,-10.8900
1101450,Rondônia,      Parecis,42,0.750653,0.3321737,0.97,0.00,1.00,0.00,0.09,0.80,0.87,0.33,Am,329.49,25.29,193.23,-61.4200,-12.2600
1101468,Rondônia,      Pimenteiras do Oeste,43,0.802094,0.2467364,0.97,0.01,1.00,0.01,0.03,0.92,0.82,0.23,Am,186.31,25.62,190.71,-61.5500,-13.1700
1101476,Rondônia,      Primavera de Rondônia,44,0.654965,0.5267988,0.96,0.00,1.00,0.00,0.07,0.87,0.94,0.19,Am,233.73,25.73,193.60,-61.3200,-11.8800
1101484,Rondônia,      São Felipe D'Oeste,45,0.625248,0.5993643,0.95,0.00,1.00,0.00,0.05,0.89,0.93,0.20,Am,251.28,25.63,192.46,-61.4700,-11.9000
1101492,Rondônia,      São Francisco do Guaporé,46,0.677576,0.4758503,0.93,0.00,1.00,0.00,0.03,0.93,0.91,0.18,Am,173.21,25.54,197.03,-63.1200,-12.3700
1101500,Rondônia,      Seringueiras,47,0.684164,0.4616374,0.99,0.00,1.00,0.01,0.05,0.88,0.87,0.29,Am,211.42,25.48,196.69,-63.2300,-11.8100
1101559,Rondônia,      Teixeirópolis,48,0.626463,0.5962632,0.98,0.01,1.00,0.01,0.08,0.81,0.83,0.19,Am,219.42,25.76,189.49,-62.2800,-10.9400
1101609,Rondônia,      Theobroma,49,0.651682,0.5344914,0.97,0.01,1.00,0.01,0.07,0.85,0.90,0.34,Am,178.32,25.99,204.40,-62.3400,-10.1200
1101708,Rondônia,      Urupá,50,0.617857,0.6184981,0.96,0.01,1.00,0.00,0.05,0.89,0.84,0.18,Am,223.46,25.70,189.90,-62.4200,-11.1000
1101757,Rondônia,      Vale do Anari,51,0.634542,0.5759407,0.98,0.00,1.00,0.03,0.08,0.82,0.86,0.45,Am,159.34,26.18,213.24,-61.9400,-9.7300
1101807,Rondônia,      Vale do Paraíso,52,0.67328,0.4852668,0.99,0.01,1.00,0.02,0.06,0.87,0.87,0.26,Am,182.73,25.99,200.72,-62.0900,-10.3800
1200013,Acre,      Acrelândia,53,0.758509,0.3183765,0.87,0.01,0.99,0.01,0.02,0.95,0.78,0.19,Am,165.47,24.99,190.69,-66.9500,-9.9300
1200054,Acre,      Assis Brasil,54,1,0,0.71,0.02,0.99,0.01,0.03,0.93,0.77,0.40,Af,305.21,23.61,201.38,-70.0100,-10.7800
1200104,Acre,      Brasiléia,55,0.935077,0.06943023,0.69,0.00,0.99,0.00,0.09,0.81,0.79,0.59,Af,273.61,23.95,191.43,-69.2100,-10.7500
1200138,Acre,      Bujari,56,0.651426,0.5350945,0.99,0.01,1.00,0.02,0.11,0.77,0.86,0.64,Am,189.97,24.60,179.91,-68.1700,-9.6100
1200179,Acre,      Capixaba,57,0.790618,0.2648327,0.94,0.00,0.98,0.01,0.08,0.83,0.91,0.31,Am,197.40,24.60,175.45,-67.8400,-10.4700
1200203,Acre,      Cruzeiro do Sul,58,0.603742,0.6563355,0.96,0.10,0.98,0.00,0.09,0.81,0.98,0.55,Af,226.06,23.02,194.42,-72.7500,-7.9700
1200252,Acre,      Epitaciolândia,59,0.803044,0.2452614,0.99,0.00,0.99,0.01,0.08,0.83,0.83,0.43,Am,243.80,24.19,186.83,-68.6200,-10.8900
1200302,Acre,      Feijó,60,0.844281,0.18444,0.74,0.00,0.94,0.00,0.11,0.78,0.95,0.61,Af,251.14,23.65,200.76,-70.7400,-8.9200
1200328,Acre,      Jordão,61,0.788005,0.269027,0.92,0.00,1.00,0.00,0.13,0.75,0.99,0.46,Af,330.41,23.04,200.53,-71.9100,-9.2400
1200336,Acre,      Mâncio Lima,62,0.73903,0.3531247,0.78,0.00,0.99,0.39,0.05,0.89,0.94,0.57,Af,257.60,22.69,194.57,-73.4400,-7.5000
1200344,Acre,      Manoel Urbano,63,0.958557,0.04323464,0.65,0.00,0.99,0.00,0.08,0.81,0.97,0.75,Af,233.58,23.97,198.30,-69.8500,-9.3800
1200351,Acre,      Marechal Thaumaturgo,64,0.992452,0.007605021,0.13,0.00,0.97,0.03,0.19,0.62,0.94,0.53,Af,282.43,22.93,202.73,-72.5600,-9.1000
1200385,Acre,      Plácido de Castro,65,0.612703,0.6321132,0.89,0.01,1.00,0.01,0.10,0.79,0.80,0.33,Am,179.76,24.81,179.91,-67.3400,-10.2500
1200393,Acre,      Porto Walter,66,0.635954,0.5724408,0.57,0.00,0.99,0.00,0.11,0.78,0.99,0.70,Af,244.35,22.99,197.89,-72.7300,-8.4900
1200401,Acre,      Rio Branco,67,0.976009,0.02458021,0.94,0.01,0.97,0.02,0.07,0.84,0.90,0.44,Am,209.03,24.45,177.93,-68.3700,-10.0700
1200427,Acre,      Rodrigues Alves,68,0.586552,0.7048798,0.84,0.00,0.98,0.05,0.06,0.89,0.96,0.48,Af,250.56,22.79,192.80,-73.2200,-7.8400
1200435,Acre,      Santa Rosa do Purus,69,1,0,0.01,0.00,1.00,0.02,0.09,0.77,0.98,0.48,Af,251.66,23.74,198.78,-70.4000,-9.4100
1200450,Acre,      Senador Guiomard,70,0.617444,0.6195804,0.95,0.01,1.00,0.00,0.03,0.94,0.87,0.24,Am,177.03,24.82,179.13,-67.4300,-10.0000
1200500,Acre,      Sena Madureira,71,0.855742,0.168577,0.86,0.00,0.96,0.01,0.11,0.77,0.91,0.52,Am,231.54,24.10,190.47,-69.3800,-9.7700
1200609,Acre,      Tarauacá,72,1,0,0.78,0.00,0.93,0.00,0.08,0.82,0.94,0.63,Af,252.67,23.43,195.82,-71.4400,-8.2400
1200708,Acre,      Xapuri,73,1,0,0.98,0.00,0.97,0.00,0.10,0.78,0.93,0.49,Am,227.59,24.31,182.02,-68.5000,-10.5800
1200807,Acre,      Porto Acre,74,0.639109,0.5646782,0.88,0.00,0.99,0.02,0.09,0.80,0.89,0.38,Am,172.78,24.78,182.04,-67.7000,-9.6300
1300029,Amazonas,      Alvarães,75,0.636411,0.5713118,0.71,0.00,1.00,0.00,0.03,0.93,0.95,0.25,Af,78.54,25.66,233.04,-65.3200,-3.6900
1300060,Amazonas,      Amaturá,76,0.577197,0.7325122,0.98,0.00,1.00,0.00,0.04,0.92,1.00,0.44,Af,83.74,24.72,251.25,-68.2900,-3.4200
1300086,Amazonas,      Anamã,77,0.60703,0.6473653,0.98,0.00,1.00,0.00,0.03,0.94,0.91,0.17,Af,40.78,26.66,227.69,-61.7200,-3.5000
1300102,Amazonas,      Anori,78,0.80714,0.2389421,0.94,0.00,1.00,0.03,0.12,0.75,0.99,0.43,Af,35.18,26.66,225.62,-62.1000,-4.2000
1300144,Amazonas,      Apuí,79,1,0,0.62,0.00,0.99,0.00,0.04,0.90,0.94,0.42,Am,154.70,26.74,245.28,-59.4300,-7.7600
1300201,Amazonas,      Atalaia do Norte,80,0.823649,0.2141101,0.95,0.00,1.00,0.00,0.05,0.90,0.99,0.70,Af,157.30,23.50,245.87,-71.7400,-5.7100
1300300,Amazonas,      Autazes,81,0.878386,0.1384514,0.93,0.00,1.00,0.01,0.05,0.87,0.80,0.17,Af,30.93,27.15,202.45,-59.5300,-3.7900
1300409,Amazonas,      Barcelos,82,1,0,0.98,0.13,1.00,0.00,0.17,0.67,1.00,0.58,Af,91.99,25.62,244.27,-63.4300,-0.4700
1300508,Amazonas,      Barreirinha,83,0.880937,0.1351553,0.57,0.00,0.98,0.01,0.12,0.76,0.95,0.27,Af,35.36,27.45,193.71,-57.1700,-3.1300
1300607,Amazonas,      Benjamin Constant,84,0.618219,0.6175499,0.83,0.00,1.00,0.09,0.07,0.85,0.97,0.48,Af,139.73,24.07,242.80,-70.2800,-5.4300
1300631,Amazonas,      Beruri,85,1,0,0.86,0.00,1.00,0.00,0.05,0.90,0.99,0.64,Af,47.19,26.71,233.73,-61.8000,-4.6100
1300680,Amazonas,      Boa Vista do Ramos,86,0.909056,0.1000424,1.00,0.00,1.00,0.01,0.06,0.88,0.87,0.23,Af,27.15,27.41,185.34,-57.6700,-3.1400
1300706,Amazonas,      Boca do Acre,87,0.865691,0.1551468,0.85,0.00,1.00,0.09,0.12,0.74,0.95,0.42,Am,170.74,24.74,201.08,-68.0500,-8.7700
1300805,Amazonas,      Borba,88,0.732322,0.3655197,0.59,0.01,1.00,0.19,0.06,0.88,0.86,0.29,Af,60.79,27.10,224.11,-59.5300,-4.9600
1300839,Amazonas,      Caapiranga,89,0.912822,0.09550335,0.96,0.00,1.00,0.24,0.03,0.93,0.99,0.35,Af,47.75,26.56,227.49,-61.8800,-3.0800
1300904,Amazonas,      Canutama,90,0.887129,0.1272323,0.95,0.00,1.00,0.00,0.05,0.89,0.91,0.63,Am,83.37,26.11,216.24,-64.0600,-7.3000
1301001,Amazonas,      Carauari,91,0.79702,0.2546739,0.81,0.00,1.00,0.00,0.05,0.90,0.96,0.50,Af,108.75,25.10,242.76,-67.3400,-5.1200
1301100,Amazonas,      Careiro,92,0.840585,0.1896479,0.95,0.00,0.99,0.00,0.08,0.84,0.98,0.48,Af,34.96,27.02,213.75,-60.1800,-3.7700
1301159,Amazonas,      Careiro da Várzea,93,0.747866,0.3371377,0.94,0.00,1.00,0.01,0.03,0.93,0.95,0.21,Af,22.84,27.13,193.18,-59.6000,-3.2900
1301209,Amazonas,      Coari,94,0.898914,0.1124533,0.82,0.00,0.99,0.00,0.09,0.81,0.86,0.70,Af,67.58,26.07,226.19,-64.1300,-4.4400
1301308,Amazonas,      Codajás,95,0.86754,0.152684,0.42,0.00,1.00,0.02,0.07,0.86,0.97,0.63,Af,48.40,26.32,225.48,-62.9700,-3.2900
1301407,Amazonas,      Eirunepé,96,0.674281,0.483062,0.80,0.00,0.99,0.00,0.08,0.84,0.97,0.80,Af,176.14,24.06,219.03,-70.2200,-7.0200
1301506,Amazonas,      Envira,97,1,0,0.84,0.00,0.99,0.21,0.05,0.88,0.94,0.48,Af,183.76,24.10,213.94,-70.0600,-7.5700
1301605,Amazonas,      Fonte Boa,98,0.663538,0.5070718,0.87,0.00,1.00,0.00,0.11,0.77,0.99,0.58,Af,60.73,25.28,244.48,-66.3600,-2.4900
1301654,Amazonas,      Guajará,99,0.784006,0.2755004,0.81,0.01,1.00,0.00,0.15,0.68,0.92,0.74,Af,211.38,23.02,202.23,-72.8400,-7.2300
1301704,Amazonas,      Humaitá,100,0.853839,0.1711808,0.99,0.00,1.00,0.02,0.03,0.92,0.92,0.13,Am,71.92,26.52,217.85,-62.4900,-7.3600
1301803,Amazonas,      Ipixuna,101,0.811248,0.2326688,0.89,0.00,1.00,0.00,0.03,0.93,0.96,0.72,Af,191.50,23.60,217.30,-71.4100,-7.1800
1301852,Amazonas,      Iranduba,102,0.5517,0.8125798,0.99,0.01,1.00,0.01,0.02,0.95,0.97,0.26,Af,45.99,26.86,208.26,-60.4800,-3.1000
1301902,Amazonas,      Itacoatiara,103,0.912773,0.09556295,0.99,0.00,1.00,0.01,0.05,0.88,0.92,0.23,Af,35.97,27.21,178.12,-58.7800,-3.1700
1301951,Amazonas,      Itamarati,104,0.950037,0.05259076,0.96,0.00,1.00,0.02,0.03,0.94,0.99,0.61,Af,138.89,24.84,243.31,-68.1100,-6.6800
1302009,Amazonas,      Itapiranga,105,0.890824,0.1225559,1.00,0.01,1.00,0.01,0.04,0.92,0.96,0.38,Af,80.50,26.99,180.80,-58.6200,-2.5000
1302108,Amazonas,      Japurá,106,1,0,0.93,0.00,1.00,0.02,0.01,0.97,0.99,0.27,Af,107.63,24.38,297.74,-68.3200,-1.7000
1302207,Amazonas,      Juruá,107,0.681277,0.4678319,0.99,0.00,1.00,0.00,0.03,0.92,0.98,0.36,Af,78.10,25.37,243.84,-66.3100,-3.5200
1302306,Amazonas,      Jutaí,108,0.728641,0.3724179,0.98,0.00,0.99,0.00,0.10,0.79,0.97,0.59,Af,123.74,24.68,250.99,-68.4100,-4.7200
1302405,Amazonas,      Lábrea,109,0.85676,0.1671883,0.93,0.00,0.99,0.00,0.07,0.83,0.93,0.41,Am,122.89,25.52,219.54,-65.8100,-8.3800
1302504,Amazonas,      Manacapuru,110,0.917489,0.08993148,0.94,0.00,1.00,0.00,0.09,0.80,0.95,0.38,Af,33.69,26.83,220.67,-60.9600,-3.2900
1302553,Amazonas,      Manaquiri,111,0.757766,0.319669,0.96,0.00,1.00,0.00,0.03,0.94,0.96,0.23,Af,35.23,26.92,222.64,-60.7000,-3.7800
1302603,Amazonas,      Manaus,112,1,0,0.60,0.00,1.00,0.11,0.06,0.86,0.96,0.65,Af,66.97,26.77,202.20,-60.2600,-2.6300
1302702,Amazonas,      Manicoré,113,0.574843,0.7396059,0.70,0.00,0.99,0.04,0.06,0.89,0.98,0.35,Am,71.65,26.73,237.91,-61.4500,-6.4600
1302801,Amazonas,      Maraã,114,0.64521,0.5498841,0.27,0.00,1.00,0.00,0.17,0.66,0.99,0.47,Af,51.36,25.67,241.74,-65.0400,-2.4300
1302900,Amazonas,      Maués,115,0.774137,0.291761,0.98,0.01,0.98,0.00,0.09,0.81,0.84,0.28,Af,101.45,27.16,206.29,-58.0600,-4.9800
1303007,Amazonas,      Nhamundá,116,1,0,0.86,0.01,0.99,0.00,0.05,0.89,0.88,0.23,Af,104.95,26.93,193.18,-57.6600,-1.6800
1303106,Amazonas,      Nova Olinda do Norte,117,0.892675,0.1202289,0.97,0.00,1.00,0.01,0.05,0.90,0.97,0.56,Af,37.73,27.30,194.03,-58.6000,-3.9900
1303205,Amazonas,      Novo Airão,118,0.569268,0.7566413,1.00,0.00,1.00,0.01,0.09,0.82,0.97,0.53,Af,57.76,26.42,225.00,-61.7000,-2.0500
1303304,Amazonas,      Novo Aripuanã,119,1,0,0.97,0.00,1.00,0.00,0.06,0.89,0.93,0.44,Am,87.97,26.85,242.19,-60.4800,-6.8200
1303403,Amazonas,      Parintins,120,0.885165,0.1297333,0.90,0.00,0.98,0.01,0.07,0.86,0.96,0.15,Af,25.22,27.49,193.25,-56.8500,-2.6900
1303502,Amazonas,      Pauini,121,0.74327,0.3454061,0.68,0.01,1.00,0.00,0.08,0.85,0.98,0.57,Af,161.94,24.75,226.12,-68.2000,-7.7600
1303536,Amazonas,      Presidente Figueiredo,122,0.759961,0.3158577,0.77,0.00,1.00,0.00,0.07,0.86,0.97,0.29,Af,98.07,26.53,205.36,-59.9900,-1.3700
1303569,Amazonas,      Rio Preto da Eva,123,0.787841,0.2692919,0.83,0.00,1.00,0.00,0.13,0.73,0.97,0.24,Af,92.65,26.78,191.29,-59.6400,-2.5300
1303601,Amazonas,      Santa Isabel do Rio Negro,124,0.759605,0.3164743,0.41,0.00,1.00,0.00,0.07,0.86,1.00,0.65,Af,124.36,24.94,274.63,-65.5200,-0.3200
1303700,Amazonas,      Santo Antônio do Içá,125,0.60106,0.663728,0.92,0.00,1.00,0.01,0.12,0.75,0.97,0.40,Af,94.86,24.37,265.60,-69.0900,-3.0500
1303809,Amazonas,      São Gabriel da Cachoeira,126,0.625587,0.5984991,0.99,0.00,0.99,0.00,0.03,0.94,1.00,0.43,Af,116.70,24.04,301.64,-68.0000,0.3700
1303908,Amazonas,      São Paulo de Olivença,127,0.559441,0.7874991,0.87,0.00,0.98,0.00,0.11,0.77,1.00,0.56,Af,126.81,24.32,249.55,-69.4500,-4.5000
1303957,Amazonas,      São Sebastião do Uatumã,128,0.651844,0.5341095,0.99,0.01,1.00,0.00,0.08,0.84,0.89,0.18,Af,94.09,26.86,190.04,-58.7000,-1.9500
1304005,Amazonas,      Silves,129,0.790801,0.2645409,0.99,0.00,1.00,0.02,0.02,0.95,0.93,0.08,Af,60.65,27.12,173.82,-58.5400,-2.8200
1304062,Amazonas,      Tabatinga,130,0.856315,0.1677939,0.96,0.00,1.00,0.00,0.17,0.65,1.00,0.74,Af,97.02,24.28,253.60,-69.6800,-4.0300
1304104,Amazonas,      Tapauá,131,0.885686,0.1290684,0.90,0.00,1.00,0.00,0.09,0.81,0.99,0.65,Af,85.84,25.89,235.00,-64.9600,-6.0900
1304203,Amazonas,      Tefé,132,0.746247,0.3400396,0.83,0.00,0.99,0.00,0.07,0.85,0.91,0.59,Af,86.29,25.65,233.74,-65.5300,-4.4700
1304237,Amazonas,      Tonantins,133,0.649797,0.5389428,0.94,0.00,0.99,0.00,0.09,0.83,1.00,0.51,Af,88.05,24.77,271.22,-67.8300,-2.6900
1304260,Amazonas,      Uarini,134,0.602069,0.6609385,0.88,0.00,1.00,0.00,0.03,0.95,0.96,0.55,Af,70.76,25.61,236.27,-65.4100,-3.1700
1304302,Amazonas,      Urucará,135,0.674885,0.481733,1.00,0.00,1.00,0.03,0.02,0.95,0.81,0.10,Af,131.71,26.49,202.70,-59.0300,-0.8900
1304401,Amazonas,      Urucurituba,136,0.900942,0.1099496,0.90,0.00,1.00,0.00,0.05,0.90,0.90,0.44,Af,13.00,27.42,182.33,-57.7700,-2.8100
1400027,Roraima,      Amajari,137,0.581298,0.7202882,0.96,0.00,1.00,0.01,0.05,0.91,0.99,0.66,Am,396.94,23.79,217.63,-62.4400,3.7300
1400050,Roraima,      Alto Alegre,138,0.601005,0.6638802,0.98,0.08,0.96,0.01,0.08,0.83,0.97,0.71,Am,445.62,23.76,228.36,-62.7600,3.0800
1400100,Roraima,      Boa Vista,139,0.665297,0.503089,0.95,0.00,1.00,0.02,0.06,0.87,0.97,0.60,Am,87.63,25.42,150.70,-60.7200,3.1200
1400159,Roraima,      Bonfim,140,0.700529,0.4274936,0.96,0.00,1.00,0.00,0.06,0.88,0.96,0.54,Am,125.70,25.51,161.79,-60.1000,2.7900
1400175,Roraima,      Cantá,141,0.626128,0.5971164,0.90,0.00,0.93,0.00,0.08,0.82,0.95,0.61,Am,146.81,25.48,161.77,-60.5400,2.2700
1400209,Roraima,      Caracaraí,142,0.738052,0.3549185,0.93,0.00,0.93,0.00,0.04,0.91,0.93,0.45,Af,107.84,25.73,209.39,-61.4700,0.9900
1400233,Roraima,      Caroebe,143,0.725104,0.3791131,1.00,0.01,0.97,0.00,0.10,0.79,0.95,0.57,Af,219.43,25.77,207.54,-59.3400,0.9100
1400282,Roraima,      Iracema,144,0.795857,0.256507,0.99,0.01,1.00,0.00,0.06,0.88,0.94,0.60,Am,313.08,24.52,223.77,-62.4500,2.1900
1400308,Roraima,      Mucajaí,145,0.691752,0.4456038,0.98,0.00,0.98,0.03,0.12,0.75,0.83,0.44,Am,217.67,24.86,200.33,-62.0000,2.5100
1400407,Roraima,      Normandia,146,0.572841,0.7456864,0.85,0.02,0.99,0.02,0.11,0.78,0.97,0.40,Am,179.46,24.99,167.57,-60.0700,3.8800
1400456,Roraima,      Pacaraima,147,0.752691,0.3285673,0.87,0.01,1.00,0.03,0.05,0.83,0.97,0.34,Am,349.74,24.13,168.54,-60.8400,4.1700
1400472,Roraima,      Rorainópolis,148,0.731242,0.367536,0.99,0.00,0.84,0.00,0.08,0.84,0.94,0.47,Af,64.26,26.20,216.78,-61.0100,0.0400
1400506,Roraima,      São João da Baliza,149,0.613066,0.6311467,0.97,0.02,0.97,0.01,0.07,0.85,0.86,0.41,Af,147.20,26.01,210.06,-59.8500,0.6400
1400605,Roraima,      São Luiz,150,0.638528,0.5661029,0.91,0.00,0.96,0.00,0.03,0.92,0.91,0.29,Af,121.64,25.99,207.38,-60.1500,0.8800
1400704,Roraima,      Uiramutã,151,0.661201,0.5123991,0.11,0.00,1.00,0.00,0.15,0.69,1.00,0.44,Am,759.87,22.58,156.35,-60.2800,4.6800
1500107,Pará,      Abaetetuba,152,1,0,0.94,0.00,0.99,0.00,0.02,0.95,0.90,0.34,Af,13.29,27.97,246.67,-48.8800,-1.7300
1500131,Pará,      Abel Figueiredo,153,1,0,0.98,0.00,1.00,0.00,0.06,0.87,0.86,0.42,Aw,212.29,27.13,149.71,-48.4200,-4.9600
1500206,Pará,      Acará,154,0.65395,0.5291678,0.89,0.00,0.99,0.00,0.04,0.92,0.95,0.29,Af,34.87,27.88,235.10,-48.4100,-2.0400
1500305,Pará,      Afuá,155,0.680292,0.469958,0.70,0.00,1.00,0.00,0.01,0.97,0.99,0.64,Am,11.92,27.75,236.01,-50.7300,-0.2600
1500347,Pará,      Água Azul do Norte,156,0.70902,0.4103979,0.98,0.00,1.00,0.00,0.05,0.87,0.91,0.29,Am,313.60,26.65,184.39,-50.4300,-6.7700
1500404,Pará,      Alenquer,157,1,0,0.99,0.00,1.00,0.00,0.08,0.84,0.87,0.28,Am,316.49,26.17,181.75,-55.0400,-0.6000
1500503,Pará,      Almeirim,158,0.778646,0.2842806,0.96,0.00,1.00,0.00,0.07,0.85,0.92,0.38,Am,271.02,26.31,212.07,-53.8900,0.2800
1500602,Pará,      Altamira,159,0.582386,0.7170733,0.98,0.00,1.00,0.00,0.07,0.84,0.94,0.52,Am,266.33,26.81,222.61,-53.8900,-6.4900
1500701,Pará,      Anajás,160,1,0,0.95,0.00,1.00,0.00,0.02,0.96,0.99,0.61,Am,19.92,27.82,245.30,-49.9600,-0.8300
1500800,Pará,      Ananindeua,161,0.608149,0.644335,1.00,0.00,1.00,0.00,0.13,0.72,1.00,0.28,Af,15.77,27.91,248.61,-48.3800,-1.3300
1500859,Pará,      Anapu,162,0.616652,0.6216592,0.71,0.00,1.00,0.00,0.07,0.84,0.94,0.46,Am,144.96,27.47,228.49,-51.3000,-4.0000
1500909,Pará,      Augusto Corrêa,163,0.616062,0.623212,0.90,0.00,0.99,0.00,0.04,0.92,0.92,0.41,Am,26.43,27.77,202.95,-46.5100,-1.1100
1500958,Pará,      Aurora do Pará,164,0.673642,0.4844691,0.98,0.00,1.00,0.01,0.03,0.93,0.86,0.43,Am,47.52,27.82,218.43,-47.7300,-2.2300
1501006,Pará,      Aveiro,165,0.579158,0.7266449,0.72,0.00,1.00,0.01,0.04,0.91,0.97,0.33,Af,97.51,27.37,197.97,-56.0200,-3.6700
1501105,Pará,      Bagre,166,0.575338,0.7381084,0.93,0.00,1.00,0.00,0.03,0.94,0.96,0.54,Af,30.93,27.93,225.04,-50.1800,-2.3700
1501204,Pará,      Baião,167,0.601162,0.6634448,0.92,0.00,0.99,0.00,0.04,0.88,0.93,0.32,Am,40.53,27.95,217.40,-49.7000,-3.1300
1501253,Pará,      Bannach,168,0.581953,0.7183506,0.98,0.00,1.00,0.00,0.10,0.80,0.66,0.21,Am,420.97,26.10,181.86,-50.6300,-7.4900
1501303,Pará,      Barcarena,169,0.568401,0.7593218,0.83,0.00,1.00,0.01,0.10,0.79,0.92,0.36,Af,13.55,27.94,249.12,-48.6300,-1.5000
1501402,Pará,      Belém,170,0.587567,0.7019345,0.67,0.00,1.00,0.02,0.04,0.91,0.94,0.17,Am,8.21,27.93,250.65,-48.4600,-1.2400
1501451,Pará,      Belterra,171,1,0,0.38,0.00,1.00,0.01,0.04,0.91,0.88,0.16,Am,129.83,27.30,183.96,-54.9900,-3.1900
1501501,Pará,      Benevides,172,1,0,0.99,0.00,1.00,0.03,0.09,0.75,0.85,0.22,Af,24.53,27.86,247.33,-48.2800,-1.3400
1501576,Pará,      Bom Jesus do Tocantins,173,0.587624,0.7017687,0.98,0.00,1.00,0.02,0.02,0.94,0.81,0.29,Aw,155.19,27.43,158.59,-48.7600,-5.0500
1501600,Pará,      Bonito,174,1,0,0.96,0.00,1.00,0.01,0.02,0.94,0.93,0.52,Am,53.59,27.70,228.12,-47.3000,-1.3900
1501709,Pará,      Bragança,175,0.814337,0.2279922,0.91,0.00,0.99,0.00,0.04,0.91,0.96,0.41,Am,39.13,27.73,210.31,-46.7700,-1.2000
1501725,Pará,      Brasil Novo,176,0.55455,0.8032648,0.86,0.00,0.99,0.00,0.03,0.93,0.90,0.22,Am,161.73,27.32,187.21,-52.6900,-3.2900
1501758,Pará,      Brejo Grande do Araguaia,177,1,0,1.00,0.00,1.00,0.07,0.03,0.93,0.86,0.66,Aw,170.68,27.33,151.62,-48.4300,-5.7400
1501782,Pará,      Breu Branco,178,0.761475,0.3132416,0.98,0.00,0.99,0.00,0.02,0.96,0.89,0.36,Am,80.19,27.78,196.70,-49.3700,-3.7300
1501808,Pará,      Breves,179,0.602911,0.6586201,0.79,0.00,1.00,0.00,0.09,0.82,0.99,0.50,Af,18.54,27.85,227.42,-50.6300,-1.1200
1501907,Pará,      Bujaru,180,0.703306,0.4218569,0.83,0.00,0.99,0.00,0.08,0.84,0.92,0.26,Af,30.73,27.86,239.49,-48.0900,-1.6300
1501956,Pará,      Cachoeira do Piriá,181,0.856973,0.166898,0.82,0.00,1.00,0.00,0.01,0.97,0.92,0.55,Am,53.36,27.72,214.98,-46.4400,-1.9900
1502004,Pará,      Cachoeira do Arari,182,1,0,0.91,0.00,1.00,0.01,0.03,0.94,0.98,0.30,Am,5.62,27.90,255.33,-48.8800,-0.8700
1502103,Pará,      Cametá,183,0.703875,0.4207075,0.94,0.00,1.00,0.01,0.11,0.78,0.91,0.26,Af,14.32,28.01,234.93,-49.5100,-2.2500
1502152,Pará,      Canaã dos Carajás,184,0.913388,0.09482477,0.95,0.00,1.00,0.01,0.08,0.82,0.90,0.31,Am,356.43,26.45,184.51,-50.0900,-6.4200
1502202,Pará,      Capanema,185,0.989739,0.01036716,0.98,0.00,1.00,0.00,0.03,0.88,0.79,0.44,Am,33.62,27.76,221.00,-47.1200,-1.1400
1502301,Pará,      Capitão Poço,186,0.884023,0.1311928,0.90,0.00,0.99,0.00,0.06,0.87,0.88,0.51,Am,74.23,27.65,214.96,-47.2300,-2.0400
1502400,Pará,      Castanhal,187,0.747065,0.3385724,0.93,0.00,1.00,0.02,0.02,0.95,0.91,0.30,Am,38.74,27.78,242.22,-47.8800,-1.2700
1502509,Pará,      Chaves,188,1,0,0.92,0.00,1.00,0.00,0.05,0.89,0.99,0.51,Am,7.81,27.76,249.83,-49.8300,-0.0300
1502608,Pará,      Colares,189,0.632572,0.5808465,0.95,0.00,1.00,0.00,0.01,0.97,1.00,0.13,Am,7.28,27.90,251.46,-48.2800,-0.9000
1502707,Pará,      Conceição do Araguaia,190,0.574804,0.7397224,0.90,0.00,1.00,0.01,0.09,0.79,0.80,0.33,Aw,200.42,27.07,163.63,-49.5100,-8.1800
1502756,Pará,      Concórdia do Pará,191,0.788393,0.268403,0.95,0.00,1.00,0.03,0.02,0.95,0.87,0.39,Af,41.38,27.83,231.76,-47.9700,-1.8800
1502764,Pará,      Cumaru do Norte,192,0.801952,0.2469574,0.95,0.00,1.00,0.00,0.14,0.68,0.78,0.37,Am,356.77,26.33,187.69,-51.2200,-8.4600
1502772,Pará,      Curionópolis,193,0.63416,0.5768885,1.00,0.00,1.00,0.01,0.02,0.93,0.93,0.24,Am,254.67,26.94,177.44,-49.6200,-6.2300
1502806,Pará,      Curralinho,194,0.636,0.5723264,0.88,0.00,1.00,0.00,0.04,0.91,0.96,0.38,Af,18.13,27.92,231.07,-49.9900,-1.5800
1502855,Pará,      Curuá,195,0.785936,0.2723688,0.99,0.00,1.00,0.00,0.05,0.90,0.92,0.68,Am,18.58,27.64,166.43,-55.1100,-1.8500
1502905,Pará,      Curuçá,196,1,0,0.96,0.00,1.00,0.00,0.04,0.91,0.95,0.38,Am,20.54,27.80,247.48,-47.8600,-0.7400
1502939,Pará,      Dom Eliseu,197,0.743498,0.3449937,0.96,0.00,1.00,0.01,0.03,0.91,0.94,0.40,Aw,202.80,27.14,155.19,-47.9000,-4.1900
1502954,Pará,      Eldorado dos Carajás,198,0.825422,0.2115022,0.95,0.00,1.00,0.00,0.09,0.81,0.83,0.41,Am,152.43,27.44,168.75,-49.2500,-6.0700
1503002,Pará,      Faro,199,0.832991,0.2004932,0.98,0.10,1.00,0.00,0.02,0.95,0.95,0.69,Af,130.55,26.74,197.03,-57.8100,-1.1600
1503044,Pará,      Floresta do Araguaia,200,0.753627,0.3269158,0.98,0.01,1.00,0.00,0.07,0.83,0.84,0.43,Aw,188.68,27.19,170.73,-49.5800,-7.5500
1503077,Pará,      Garrafão do Norte,201,0.625085,0.5997823,0.94,0.00,1.00,0.00,0.03,0.93,0.92,0.64,Am,81.84,27.62,211.95,-47.0800,-2.1700
1503093,Pará,      Goianésia do Pará,202,1,0,1.00,0.00,1.00,0.00,0.02,0.94,0.95,0.41,Am,109.41,27.64,185.23,-49.0100,-4.0300
1503101,Pará,      Gurupá,203,1,0,0.99,0.00,1.00,0.00,0.12,0.75,0.99,0.57,Am,18.85,27.81,224.40,-51.5600,-1.1500
1503200,Pará,      Igarapé-Açu,204,0.70591,0.4166109,0.94,0.00,1.00,0.02,0.03,0.93,0.92,0.33,Am,39.23,27.75,237.13,-47.5700,-1.1500
1503309,Pará,      Igarapé-Miri,205,0.723591,0.3819967,0.97,0.00,1.00,0.02,0.02,0.95,0.86,0.37,Af,14.75,27.99,241.39,-49.1300,-2.0600
1503408,Pará,      Inhangapi,206,0.636271,0.5716584,1.00,0.00,1.00,0.01,0.02,0.96,0.93,0.15,Am,23.49,27.87,239.43,-47.9200,-1.4600
1503457,Pará,      Ipixuna do Pará,207,0.783304,0.2766443,0.95,0.00,1.00,0.00,0.01,0.98,0.96,0.35,Am,68.67,27.76,204.64,-47.9200,-2.8100
1503507,Pará,      Irituia,208,1,0,0.95,0.00,0.99,0.04,0.02,0.96,0.91,0.36,Am,38.35,27.82,222.55,-47.4000,-1.8100
1503606,Pará,      Itaituba,209,1,0,0.91,0.00,1.00,0.01,0.05,0.90,0.94,0.49,Am,202.82,26.94,219.16,-56.5000,-5.8700
1503705,Pará,      Itupiranga,210,0.589372,0.6967201,0.96,0.00,1.00,0.04,0.04,0.91,0.84,0.49,Am,158.83,27.43,187.28,-49.8700,-5.1100
1503754,Pará,      Jacareacanga,211,0.578415,0.7288639,0.40,0.00,1.00,0.01,0.01,0.97,1.00,0.38,Am,218.46,26.76,227.33,-57.3000,-7.4500
1503804,Pará,      Jacundá,212,0.610619,0.6376835,0.95,0.00,1.00,0.01,0.10,0.79,0.89,0.33,Am,103.85,27.69,176.49,-49.1800,-4.6000
1503903,Pará,      Juruti,213,0.601108,0.6635958,0.85,0.00,1.00,0.00,0.09,0.82,0.97,0.38,Am,62.04,27.41,189.21,-56.2200,-2.6200
1504000,Pará,      Limoeiro do Ajuru,214,0.647082,0.5453987,0.99,0.00,1.00,0.00,0.03,0.95,0.98,0.09,Af,10.74,27.99,241.06,-49.4700,-1.8600
1504059,Pará,      Mãe do Rio,215,0.714237,0.4000962,0.99,0.00,1.00,0.03,0.05,0.89,0.96,0.40,Am,48.24,27.79,219.90,-47.5100,-1.9900
1504109,Pará,      Magalhães Barata,216,0.757673,0.3198308,0.92,0.00,1.00,0.00,0.01,0.98,0.95,0.12,Am,24.30,27.79,242.03,-47.6400,-0.8100
1504208,Pará,      Marabá,217,0.635675,0.5731318,0.91,0.00,0.99,0.03,0.08,0.82,0.88,0.40,Am,202.81,27.22,184.89,-50.0200,-5.6300
1504307,Pará,      Maracanã,218,0.614462,0.6274411,0.93,0.00,1.00,0.00,0.05,0.90,0.94,0.22,Am,21.09,27.80,238.32,-47.5000,-0.8000
1504406,Pará,      Marapanim,219,0.598688,0.6703195,0.84,0.00,1.00,0.00,0.01,0.98,0.96,0.25,Am,22.97,27.80,243.57,-47.7100,-0.8400
1504422,Pará,      Marituba,220,0.684237,0.4614822,1.00,0.00,1.00,0.04,0.06,0.86,0.98,0.16,Af,18.74,27.90,247.13,-48.3200,-1.4000
1504455,Pará,      Medicilândia,221,0.794878,0.2580553,0.95,0.00,1.00,0.01,0.03,0.92,0.90,0.20,Am,166.02,27.27,186.71,-53.1900,-3.1600
1504505,Pará,      Melgaço,222,0.673727,0.4842799,0.98,0.00,1.00,0.00,0.02,0.97,0.98,0.64,Af,24.69,27.86,218.98,-51.1000,-1.6100
1504604,Pará,      Mocajuba,223,1,0,0.99,0.00,1.00,0.00,0.07,0.84,0.90,0.17,Af,22.41,28.00,231.19,-49.4700,-2.5800
1504703,Pará,      Moju,224,0.581232,0.7204833,0.91,0.00,0.99,0.00,0.05,0.89,0.96,0.53,Af,45.17,27.89,225.38,-49.0700,-2.6800
1504802,Pará,      Monte Alegre,225,0.689218,0.4509191,0.91,0.00,0.99,0.00,0.08,0.81,0.90,0.27,Am,265.69,26.54,180.23,-54.3500,-1.0700
1504901,Pará,      Muaná,226,0.905733,0.1040782,0.95,0.00,1.00,0.00,0.05,0.89,0.97,0.19,Af,10.98,27.94,250.16,-49.3100,-1.3600
1504950,Pará,      Nova Esperança do Piriá,227,0.594582,0.6818539,0.73,0.00,1.00,0.00,0.08,0.81,0.94,0.53,Am,97.34,27.54,210.28,-46.9000,-2.3900
1504976,Pará,      Nova Ipixuna,228,0.949843,0.05280529,0.91,0.00,1.00,0.00,0.06,0.87,0.92,0.37,Aw,107.20,27.68,170.71,-49.2300,-4.9800
1505007,Pará,      Nova Timboteua,229,0.785026,0.2738426,1.00,0.00,1.00,0.00,0.01,0.99,0.95,0.19,Am,34.55,27.77,231.53,-47.3900,-1.1600
1505031,Pará,      Novo Progresso,230,0.892566,0.1203654,0.76,0.00,1.00,0.00,0.04,0.91,0.72,0.35,Am,337.02,26.37,245.54,-55.6100,-8.0600
1505064,Pará,      Novo Repartimento,231,0.666999,0.4992516,0.91,0.00,0.99,0.01,0.06,0.86,0.95,0.49,Am,153.68,27.46,207.06,-50.2700,-4.5000
1505106,Pará,      Óbidos,232,1,0,0.96,0.00,0.99,0.02,0.06,0.86,0.82,0.35,Am,259.62,26.29,180.30,-55.6800,-0.1700
1505205,Pará,      Oeiras do Pará,233,0.652584,0.5323692,0.96,0.00,0.99,0.00,0.05,0.89,0.98,0.32,Af,23.84,27.96,230.69,-49.9000,-2.2800
1505304,Pará,      Oriximiná,234,1,0,0.90,0.00,1.00,0.01,0.05,0.90,0.92,0.35,Af,230.51,26.17,191.39,-57.1500,0.2600
1505403,Pará,      Ourém,235,0.653929,0.5292184,0.95,0.00,1.00,0.00,0.04,0.90,0.90,0.42,Am,56.98,27.68,223.09,-47.1400,-1.5000
1505437,Pará,      Ourilândia do Norte,236,1,0,0.21,0.00,1.00,0.00,0.04,0.91,0.93,0.27,Am,361.53,26.40,188.23,-51.4300,-7.5200
1505486,Pará,      Pacajá,237,0.692438,0.4441716,0.95,0.00,0.99,0.00,0.09,0.81,0.95,0.40,Am,115.17,27.61,226.57,-50.6300,-3.6800
1505494,Pará,      Palestina do Pará,238,0.67608,0.4791143,0.99,0.00,1.00,0.00,0.12,0.74,0.83,0.37,Aw,160.31,27.37,150.96,-48.3700,-5.9300
1505502,Pará,      Paragominas,239,0.663753,0.5065842,0.99,0.00,1.00,0.01,0.01,0.99,0.93,0.33,Am,115.81,27.53,188.04,-47.6000,-3.2000
1505536,Pará,      Parauapebas,240,0.588912,0.6980478,0.91,0.00,1.00,0.00,0.07,0.84,0.93,0.43,Am,341.77,26.54,189.36,-50.4900,-6.1500
1505551,Pará,      Pau D'Arco,241,0.611694,0.6348045,0.95,0.00,1.00,0.00,0.06,0.86,0.87,0.39,Am,265.31,26.82,175.95,-50.1200,-7.7400
1505601,Pará,      Peixe-Boi,242,1,0,1.00,0.00,1.00,0.00,0.01,0.98,0.95,0.56,Am,29.71,27.79,227.19,-47.2700,-1.1300
1505635,Pará,      Piçarra,243,0.748381,0.3362171,0.97,0.00,1.00,0.00,0.07,0.83,0.80,0.40,Aw,178.97,27.28,167.90,-49.0100,-6.5400
1505650,Pará,      Placas,244,0.738568,0.3539723,0.91,0.00,1.00,0.04,0.10,0.79,0.91,0.53,Af,201.28,27.08,199.23,-54.5000,-3.8900
1505700,Pará,      Ponta de Pedras,245,0.995234,0.004789166,0.99,0.00,1.00,0.00,0.02,0.97,1.00,0.53,Am,7.28,27.93,254.08,-49.0800,-1.1200
1505809,Pará,      Portel,246,0.674075,0.4835153,0.76,0.00,0.99,0.00,0.05,0.89,0.98,0.80,Af,52.81,27.82,222.05,-50.9600,-2.5700
1505908,Pará,      Porto de Moz,247,0.742485,0.3468283,0.99,0.00,1.00,0.00,0.07,0.85,0.91,0.39,Am,55.24,27.72,193.65,-52.5500,-2.1800
1506005,Pará,      Prainha,248,1,0,0.98,0.00,1.00,0.00,0.13,0.75,0.98,0.41,Am,102.02,27.43,179.27,-53.6600,-2.1200
1506104,Pará,      Primavera,249,0.874026,0.1441307,0.96,0.00,1.00,0.01,0.01,0.99,0.96,0.34,Am,26.58,27.78,222.75,-47.1300,-0.9500
1506112,Pará,      Quatipuru,250,0.585781,0.7071227,0.97,0.00,1.00,0.00,0.00,1.00,0.98,0.41,Am,13.10,27.83,220.22,-47.0200,-0.8500
1506138,Pará,      Redenção,251,0.825194,0.2118359,0.96,0.00,1.00,0.01,0.01,0.99,0.89,0.46,Am,251.51,26.86,175.47,-50.2000,-8.0700
1506161,Pará,      Rio Maria,252,0.595138,0.6802816,0.54,0.00,1.00,0.01,0.02,0.93,0.72,0.30,Am,240.35,26.96,176.37,-49.9000,-7.3400
1506187,Pará,      Rondon do Pará,253,0.60055,0.6651413,0.99,0.00,1.00,0.00,0.06,0.85,0.92,0.47,Aw,203.37,27.17,158.57,-48.4600,-4.5200
1506195,Pará,      Rurópolis,254,0.585266,0.7086252,0.97,0.00,0.99,0.00,0.05,0.90,0.95,0.27,Af,190.51,27.09,202.67,-55.2100,-4.2400
1506203,Pará,      Salinópolis,255,0.593641,0.6845202,0.88,0.00,1.00,0.01,0.03,0.94,0.86,0.39,Am,17.49,27.80,235.10,-47.3500,-0.6800
1506302,Pará,      Salvaterra,256,0.807173,0.2388925,0.97,0.00,1.00,0.08,0.01,0.97,0.95,0.14,Am,6.57,27.89,253.11,-48.6100,-0.8000
1506351,Pará,      Santa Bárbara do Pará,257,0.973719,0.02698994,0.75,0.00,1.00,0.08,0.03,0.97,0.90,0.30,Am,23.31,27.85,249.01,-48.2500,-1.1900
1506401,Pará,      Santa Cruz do Arari,258,1,0,0.98,0.00,1.00,0.00,0.07,0.86,1.00,0.26,Am,5.30,27.86,257.05,-49.3100,-0.5800
1506500,Pará,      Santa Isabel do Pará,259,1,0,0.90,0.00,1.00,0.01,0.03,0.92,0.97,0.15,Am,29.02,27.84,244.83,-48.1300,-1.3700
1506559,Pará,      Santa Luzia do Pará,260,0.792893,0.2612038,0.99,0.00,1.00,0.01,0.06,0.84,0.93,0.36,Am,60.59,27.67,217.72,-46.9300,-1.6600
1506583,Pará,      Santa Maria das Barreiras,261,0.578347,0.7290661,0.86,0.00,1.00,0.02,0.06,0.85,0.82,0.45,Aw,234.30,26.89,175.23,-50.3100,-8.6300
1506609,Pará,      Santa Maria do Pará,262,0.809455,0.2353997,0.94,0.00,1.00,0.00,0.01,0.98,0.98,0.58,Am,42.37,27.76,234.31,-47.5200,-1.3700
1506708,Pará,      Santana do Araguaia,263,0.874067,0.1440771,0.90,0.00,1.00,0.00,0.03,0.92,0.88,0.33,Aw,237.95,26.79,175.36,-50.6100,-9.3600
1506807,Pará,      Santarém,264,0.851475,0.1744328,0.74,0.00,0.98,0.04,0.07,0.85,0.94,0.20,Am,80.83,27.46,180.26,-55.2400,-2.6800
1506906,Pará,      Santarém Novo,265,0.6567,0.5227644,0.99,0.00,1.00,0.01,0.01,0.96,0.85,0.14,Am,28.97,27.77,231.43,-47.3300,-0.9100
1507003,Pará,      Santo Antônio do Tauá,266,0.774554,0.2910659,0.97,0.00,1.00,0.00,0.01,0.98,0.94,0.16,Am,23.63,27.84,249.04,-48.1800,-1.0900
1507102,Pará,      São Caetano de Odivelas,267,0.88303,0.132465,0.90,0.00,1.00,0.01,0.01,0.97,0.88,0.30,Am,14.93,27.84,249.81,-48.0800,-0.7900
1507151,Pará,      São Domingos do Araguaia,268,0.644999,0.5503891,0.91,0.00,1.00,0.00,0.02,0.96,0.86,0.48,Aw,160.61,27.39,157.85,-48.7300,-5.6600
1507201,Pará,      São Domingos do Capim,269,0.863728,0.1577713,0.92,0.00,0.99,0.00,0.08,0.84,0.95,0.46,Am,39.37,27.83,227.74,-47.7700,-1.8800
1507300,Pará,      São Félix do Xingu,270,0.79384,0.2597002,0.92,0.00,0.99,0.00,0.06,0.86,0.93,0.39,Am,287.95,26.74,199.76,-52.2500,-7.2300
1507409,Pará,      São Francisco do Pará,271,1,0,0.96,0.00,1.00,0.00,0.01,0.99,0.98,0.51,Am,41.54,27.75,241.02,-47.7500,-1.2100
1507458,Pará,      São Geraldo do Araguaia,272,0.555969,0.7986602,0.99,0.00,1.00,0.00,0.07,0.83,0.83,0.29,Aw,189.49,27.23,159.85,-48.7500,-6.1900
1507466,Pará,      São João da Ponta,273,0.761756,0.3127567,1.00,0.00,1.00,0.00,0.00,1.00,0.72,0.39,Am,25.45,27.80,248.19,-47.9600,-0.8700
1507474,Pará,      São João de Pirabas,274,0.58645,0.7051755,0.97,0.00,1.00,0.06,0.02,0.97,0.81,0.21,Am,20.45,27.79,228.83,-47.2100,-0.7800
1507508,Pará,      São João do Araguaia,275,0.741635,0.3483716,0.92,0.00,1.00,0.00,0.11,0.76,0.96,0.56,Aw,125.93,27.57,155.57,-48.7000,-5.4500
1507607,Pará,      São Miguel do Guamá,276,0.932803,0.07203717,0.58,0.00,1.00,0.00,0.07,0.84,0.95,0.42,Am,30.52,27.84,232.19,-47.6100,-1.5500
1507706,Pará,      São Sebastião da Boa Vista,277,0.580421,0.7228877,0.96,0.00,1.00,0.00,0.08,0.83,0.90,0.27,Af,17.55,27.91,242.75,-49.6800,-1.4300
1507755,Pará,      Sapucaia,278,0.995045,0.004979334,1.00,0.00,1.00,0.00,0.02,0.93,0.88,0.51,Am,202.20,27.17,175.99,-49.5700,-6.8400
1507805,Pará,      Senador José Porfírio,279,0.653452,0.5303346,0.92,0.00,1.00,0.00,0.07,0.86,0.93,0.47,Am,169.41,27.35,227.96,-51.7700,-4.1700
1507904,Pará,      Soure,280,0.58819,0.7001315,0.99,0.00,1.00,0.02,0.01,0.98,0.93,0.16,Am,3.97,27.86,254.56,-48.6400,-0.4900
1507953,Pará,      Tailândia,281,0.624022,0.6025078,0.97,0.00,1.00,0.00,0.02,0.93,0.95,0.45,Am,59.97,27.83,216.70,-48.7400,-2.9100
1507961,Pará,      Terra Alta,282,1,0,0.91,0.00,1.00,0.00,0.01,0.98,0.95,0.23,Am,36.70,27.75,245.30,-47.8500,-1.0000
1507979,Pará,      Terra Santa,283,0.688875,0.4516423,0.93,0.00,1.00,0.00,0.04,0.90,0.88,0.11,Am,44.71,27.38,185.20,-56.4600,-1.9500
1508001,Pará,      Tomé-Açu,284,0.616681,0.6215833,0.99,0.00,1.00,0.02,0.04,0.90,0.85,0.33,Af,54.38,27.83,216.84,-48.2700,-2.6400
1508035,Pará,      Tracuateua,285,0.593576,0.6847052,0.92,0.00,0.99,0.16,0.02,0.93,0.87,0.34,Am,25.00,27.79,215.06,-46.9300,-1.0200
1508050,Pará,      Trairão,286,0.662347,0.5097833,0.80,0.00,1.00,0.00,0.05,0.90,0.92,0.35,Af,169.96,27.14,213.92,-56.0000,-5.1300
1508084,Pará,      Tucumã,287,0.636495,0.5711043,0.44,0.00,1.00,0.00,0.03,0.94,0.84,0.56,Am,244.83,26.99,184.13,-51.3900,-6.8200
1508100,Pará,      Tucuruí,288,1,0,0.97,0.00,1.00,0.02,0.01,0.98,0.96,0.73,Am,102.65,27.68,201.71,-49.8200,-3.8600
1508126,Pará,      Ulianópolis,289,1,0,0.98,0.00,1.00,0.00,0.04,0.87,0.99,0.53,Aw,154.70,27.36,160.91,-47.4900,-3.8100
1508159,Pará,      Uruará,290,0.744349,0.3434551,0.98,0.00,0.99,0.01,0.07,0.83,0.89,0.36,Af,198.48,27.12,193.58,-53.8100,-3.5800
1508209,Pará,      Vigia,291,0.664013,0.5059938,0.95,0.00,1.00,0.04,0.04,0.92,0.91,0.25,Am,16.94,27.84,250.03,-48.1400,-0.8900
1508308,Pará,      Viseu,292,0.867571,0.1526437,0.84,0.00,0.99,0.01,0.05,0.91,0.95,0.43,Am,36.62,27.76,204.91,-46.4600,-1.5300
1508357,Pará,      Vitória do Xingu,293,0.844838,0.1836586,0.95,0.00,1.00,0.01,0.07,0.83,0.94,0.51,Am,93.31,27.65,199.07,-51.9700,-3.1400
1508407,Pará,      Xinguara,294,0.591007,0.6920288,0.73,0.00,1.00,0.00,0.04,0.89,0.84,0.42,Am,226.83,27.05,176.15,-49.6400,-6.9200
1600055,Amapá,      Serra do Navio,295,0.622368,0.6067666,1.00,0.02,1.00,0.00,0.02,0.95,0.96,0.48,Am,175.51,26.57,267.53,-52.2700,1.6500
1600105,Amapá,      Amapá,296,0.681266,0.4678563,0.95,0.01,0.99,0.01,0.02,0.95,0.90,0.41,Am,32.98,27.28,265.98,-50.5800,1.7700
1600154,Amapá,      Pedra Branca do Amapari,297,0.607204,0.6468923,0.66,0.05,1.00,0.00,0.08,0.83,0.94,0.37,Am,197.59,26.56,257.71,-52.5200,1.1600
1600204,Amapá,      Calçoene,298,0.983355,0.01692718,0.89,0.42,1.00,0.02,0.03,0.93,0.95,0.72,Am,95.17,26.81,278.69,-51.4000,2.4300
1600212,Amapá,      Cutias,299,0.854665,0.1700486,0.97,0.05,1.00,0.05,0.05,0.83,0.98,0.22,Am,11.38,27.54,240.78,-50.4900,1.0400
1600238,Amapá,      Ferreira Gomes,300,0.665428,0.502793,0.89,0.00,0.99,0.00,0.04,0.92,0.99,0.40,Am,98.46,27.11,252.52,-51.4200,0.9600
1600253,Amapá,      Itaubal,301,1,0,0.98,0.01,1.00,0.02,0.02,0.95,0.95,0.16,Am,11.97,27.63,237.19,-50.6400,0.5400
1600279,Amapá,      Laranjal do Jari,302,0.848898,0.177998,0.78,0.01,0.95,0.00,0.03,0.94,0.95,0.60,Am,262.66,26.23,238.58,-53.3100,1.1000
1600303,Amapá,      Macapá,303,0.658207,0.5192794,0.77,0.01,0.99,0.02,0.02,0.96,0.93,0.52,Am,16.71,27.59,236.53,-50.7000,0.5500
1600402,Amapá,      Mazagão,304,0.845884,0.1821949,0.82,0.08,0.98,0.02,0.05,0.89,0.97,0.60,Am,113.18,27.20,237.82,-51.9500,-0.0700
1600501,Amapá,      Oiapoque,305,0.65006,0.5383203,0.81,0.02,0.97,0.00,0.08,0.83,1.00,0.54,Am,103.18,26.58,272.39,-51.9000,3.0900
1600535,Amapá,      Porto Grande,306,0.719893,0.3890946,0.96,0.01,1.00,0.00,0.05,0.89,0.87,0.79,Am,108.91,27.12,246.85,-51.6700,0.5900
1600550,Amapá,      Pracuúba,307,0.751902,0.3299613,0.98,0.03,1.00,0.01,0.02,0.94,0.98,0.54,Am,100.62,26.97,266.84,-51.2800,1.6300
1600600,Amapá,      Santana,308,0.669788,0.4930093,0.93,0.08,1.00,0.01,0.05,0.88,0.93,0.32,Am,24.21,27.61,234.45,-51.3800,0.1300
1600709,Amapá,      Tartarugalzinho,309,1,0,0.99,0.01,0.98,0.00,0.06,0.88,0.84,0.17,Am,61.16,27.24,254.97,-50.9900,1.3000
1600808,Amapá,      Vitória do Jari,310,1,0,1.00,0.02,1.00,0.00,0.04,0.91,0.93,0.95,Am,42.23,27.66,223.70,-52.0600,-1.0000
1701002,Tocantins,      Ananás,311,1,0,1.00,0.00,1.00,0.01,0.05,0.88,0.95,0.28,Aw,175.77,27.27,149.44,-48.1900,-6.2300
1701051,Tocantins,      Angico,312,0.612837,0.6317563,1.00,0.00,1.00,0.00,0.02,0.94,0.85,0.23,Aw,296.39,26.63,144.81,-47.9100,-6.4400
1701309,Tocantins,      Aragominas,313,0.86799,0.1520867,0.68,0.00,1.00,0.05,0.09,0.80,0.82,0.39,Aw,220.28,27.03,162.80,-48.6300,-6.9500
1702109,Tocantins,      Araguaína,314,1,0,0.99,0.01,1.00,0.09,0.09,0.80,0.94,0.43,Aw,239.27,26.91,158.76,-48.5900,-7.3300
1702158,Tocantins,      Araguanã,315,0.733021,0.3642172,1.00,0.00,1.00,0.00,0.07,0.82,0.59,0.90,Aw,194.39,27.17,160.69,-48.5300,-6.7900
1702208,Tocantins,      Araguatins,316,0.741572,0.3484858,0.93,0.00,1.00,0.01,0.08,0.82,0.93,0.64,Aw,152.34,27.41,141.15,-48.1100,-5.6700
1702307,Tocantins,      Arapoema,317,0.762269,0.3118729,0.99,0.00,1.00,0.00,0.01,0.98,0.88,0.14,Aw,190.96,27.14,161.06,-49.0000,-7.7200
1703057,Tocantins,      Bandeirantes do Tocantins,318,0.985104,0.01512114,1.00,0.00,1.00,0.01,0.00,0.99,0.88,0.79,Aw,283.55,26.65,156.96,-48.6800,-7.9000
1703206,Tocantins,      Bernardo Sayão,319,1,0,0.89,0.00,1.00,0.00,0.05,0.90,0.83,0.16,Aw,190.72,27.12,157.62,-48.9700,-7.9800
1703602,Tocantins,      Brasilândia do Tocantins,320,0.64128,0.5593819,0.97,0.00,1.00,0.00,0.00,0.99,0.78,0.09,Aw,264.51,26.69,152.88,-48.4400,-8.2900
1703800,Tocantins,      Buriti do Tocantins,321,1,0,0.95,0.00,1.00,0.08,0.06,0.88,0.79,0.28,Aw,131.59,27.52,138.93,-48.1400,-5.3400
1703883,Tocantins,      Carmolândia,322,0.918496,0.08873692,1.00,0.00,1.00,0.00,0.09,0.76,0.79,0.34,Aw,240.68,26.91,157.80,-48.3700,-7.0500
1705508,Tocantins,      Colinas do Tocantins,323,0.828073,0.2076233,0.99,0.00,1.00,0.00,0.01,0.97,0.81,0.22,Aw,303.17,26.52,154.37,-48.5300,-8.0800
1706001,Tocantins,      Couto de Magalhães,324,0.628792,0.5903508,0.98,0.00,1.00,0.01,0.05,0.89,0.90,0.51,Aw,193.45,27.07,156.38,-49.1600,-8.4400
1707405,Tocantins,      Esperantina,325,0.581241,0.7204571,0.99,0.00,1.00,0.00,0.07,0.85,0.84,0.55,Aw,102.20,27.68,152.19,-48.5400,-5.3300
1708254,Tocantins,      Fortaleza do Tabocão,326,0.682733,0.4647021,0.99,0.01,1.00,0.03,0.02,0.95,0.99,0.51,Aw,310.86,26.37,152.30,-48.5500,-9.0700
1709302,Tocantins,      Guaraí,327,0.644752,0.5509836,1.00,0.00,1.00,0.01,0.03,0.93,0.95,0.32,Aw,303.46,26.44,151.81,-48.4400,-8.7400
1711100,Tocantins,      Itaporã do Tocantins,328,0.591572,0.690411,1.00,0.00,1.00,0.00,0.04,0.87,0.86,0.34,Aw,316.24,26.43,154.94,-48.7500,-8.4500
1711803,Tocantins,      Juarina,329,0.724048,0.3811238,1.00,0.00,1.00,0.00,0.08,0.84,0.78,0.14,Aw,184.98,27.14,156.00,-49.1100,-8.1400
1713957,Tocantins,      Muricilândia,330,1,0,1.00,0.00,1.00,0.00,0.09,0.80,0.96,0.55,Aw,190.70,27.19,165.06,-48.7900,-7.0000
1714880,Tocantins,      Nova Olinda,331,0.553441,0.8068789,0.98,0.00,1.00,0.04,0.07,0.83,0.90,0.40,Aw,268.42,26.73,154.14,-48.3600,-7.6400
1716307,Tocantins,      Pau D'Arco,332,0.599999,0.6666691,1.00,0.00,1.00,0.00,0.08,0.83,0.82,0.21,Aw,212.13,27.05,163.34,-48.9900,-7.5500
1716703,Tocantins,      Colméia,333,0.569521,0.7558626,0.94,0.00,1.00,0.00,0.08,0.83,0.84,0.42,Aw,330.97,26.31,154.63,-48.7600,-8.8400
1717206,Tocantins,      Piraquê,334,1,0,1.00,0.01,1.00,0.01,0.07,0.85,0.87,0.32,Aw,198.93,27.13,154.31,-48.2400,-6.7400
1718402,Tocantins,      Presidente Kennedy,335,0.621752,0.6083578,0.95,0.00,1.00,0.00,0.01,0.97,0.87,0.22,Aw,283.02,26.58,152.48,-48.4600,-8.4600
1718550,Tocantins,      Riachinho,336,0.575517,0.7375684,0.81,0.00,1.00,0.00,0.05,0.88,0.87,0.33,Aw,174.21,27.27,150.18,-48.1400,-6.4600
1718865,Tocantins,      Santa Fé do Araguaia,337,0.605568,0.6513415,0.99,0.00,1.00,0.00,0.07,0.84,0.97,0.37,Aw,194.68,27.17,167.15,-48.9700,-7.0900
1720309,Tocantins,      São Sebastião do Tocantins,338,0.609005,0.6420231,1.00,0.00,1.00,0.00,0.03,0.94,0.73,0.57,Aw,114.67,27.61,144.85,-48.3300,-5.2400
1722081,Tocantins,      Wanderlândia,339,0.618365,0.6171676,0.99,0.00,1.00,0.02,0.04,0.92,0.93,0.22,Aw,281.35,26.69,147.79,-48.0000,-6.9100
1722107,Tocantins,      Xambioá,340,0.635316,0.5740209,0.95,0.00,1.00,0.01,0.06,0.86,0.85,0.32,Aw,207.92,27.11,157.53,-48.4500,-6.5500
2100055,Maranhão,      Açailândia,341,0.554063,0.8048497,0.98,0.00,1.00,0.00,0.05,0.90,0.90,0.54,Aw,274.54,26.75,125.09,-47.3300,-4.7900
2100204,Maranhão,      Alcântara,342,0.607817,0.6452318,0.96,0.04,1.00,0.05,0.04,0.91,0.94,0.42,As,18.55,27.80,172.03,-44.5300,-2.3900
2100402,Maranhão,      Altamira do Maranhão,343,0.575224,0.7384518,0.99,0.00,1.00,0.00,0.00,0.99,0.90,0.54,Aw,64.79,27.70,133.78,-45.4900,-4.1200
2100477,Maranhão,      Alto Alegre do Pindaré,344,0.627444,0.5937676,0.97,0.00,1.00,0.00,0.04,0.92,0.90,0.49,Aw,94.55,27.58,139.55,-46.0100,-3.8800
2100550,Maranhão,      Amapá do Maranhão,345,0.566976,0.7637441,0.80,0.00,1.00,0.00,0.04,0.93,0.94,0.46,Aw,54.78,27.66,134.02,-45.9500,-1.6700
2100600,Maranhão,      Amarante do Maranhão,346,0.591008,0.6920244,0.89,0.00,0.99,0.00,0.06,0.85,0.85,0.44,Aw,272.33,26.69,110.59,-46.5800,-5.2800
2100709,Maranhão,      Anajatuba,347,0.603295,0.6575637,0.72,0.00,1.00,0.00,0.03,0.94,0.98,0.63,Am,8.00,27.91,144.60,-44.5900,-3.2500
2100832,Maranhão,      Apicum-Açu,348,0.576483,0.7346566,0.66,0.00,1.00,0.07,0.01,0.96,0.97,0.62,As,12.26,27.81,157.04,-45.0300,-1.5300
2100873,Maranhão,      Araguanã,349,0.880021,0.1363364,0.97,0.00,1.00,0.02,0.11,0.77,0.91,0.37,Am,48.73,27.78,173.15,-45.7900,-3.0800
2100956,Maranhão,      Arame,350,0.615184,0.6255293,0.91,0.00,1.00,0.00,0.07,0.84,0.97,0.81,Aw,234.60,26.84,106.95,-45.9500,-5.0300
2101004,Maranhão,      Arari,351,0.561964,0.7794738,0.89,0.00,1.00,0.01,0.01,0.97,0.92,0.44,Am,10.43,27.92,144.61,-44.7300,-3.5300
2101103,Maranhão,      Axixá,352,0.571126,0.7509261,0.72,0.00,1.00,0.00,0.03,0.94,0.92,0.20,As,24.18,27.76,164.19,-44.1000,-2.8200
2101202,Maranhão,      Bacabal,353,0.695514,0.4377861,0.84,0.00,1.00,0.00,0.03,0.94,0.93,0.52,Aw,28.97,27.83,139.19,-44.7600,-4.1700
2101251,Maranhão,      Bacabeira,354,0.640552,0.5611534,1.00,0.00,1.00,0.04,0.03,0.92,0.90,0.26,Aw,11.17,27.86,160.50,-44.3700,-2.9300
2101301,Maranhão,      Bacuri,355,0.60449,0.6542877,0.57,0.00,1.00,0.00,0.02,0.94,0.90,0.56,As,16.39,27.81,157.90,-45.1600,-1.6900
2101350,Maranhão,      Bacurituba,356,0.581056,0.7210031,1.00,0.00,1.00,0.00,0.01,0.97,0.98,0.47,As,2.93,27.91,165.55,-44.6300,-2.6900
2101772,Maranhão,      Bela Vista do Maranhão,357,0.531636,0.8809846,0.96,0.00,1.00,0.00,0.02,0.96,0.75,0.42,Aw,26.25,27.88,150.08,-45.2700,-3.7600
2101905,Maranhão,      Bequimão,358,0.682626,0.4649318,0.50,0.00,1.00,0.00,0.06,0.87,0.94,0.34,As,15.32,27.84,165.75,-44.7800,-2.4300
2101970,Maranhão,      Boa Vista do Gurupi,359,0.582679,0.7162101,1.00,0.00,1.00,0.00,0.02,0.93,0.91,0.70,Am,27.09,27.82,211.03,-46.1800,-1.7600
2102002,Maranhão,      Bom Jardim,360,0.698453,0.4317356,0.85,0.00,1.00,0.00,0.07,0.85,0.91,0.69,Aw,150.31,27.32,141.70,-46.4200,-3.9000
2102036,Maranhão,      Bom Jesus das Selvas,361,0.534547,0.8707442,0.84,0.00,1.00,0.00,0.04,0.91,0.92,0.52,Aw,227.39,26.94,121.01,-46.6900,-4.6000
2102077,Maranhão,      Bom Lugar,362,0.71491,0.3987783,0.99,0.00,1.00,0.00,0.05,0.91,0.82,0.70,Aw,40.55,27.80,136.28,-45.0200,-4.3500
2102150,Maranhão,      Brejo de Areia,363,0.59236,0.6881625,1.00,0.00,1.00,0.00,0.04,0.85,0.75,0.43,Aw,126.40,27.38,127.82,-45.6500,-4.3700
2102325,Maranhão,      Buriticupu,364,0.53396,0.8728006,0.65,0.00,1.00,0.00,0.02,0.95,0.91,0.47,Aw,239.19,26.85,120.80,-46.3400,-4.4900
2102374,Maranhão,      Cachoeira Grande,365,0.603964,0.6557272,0.08,0.00,1.00,0.00,0.03,0.94,0.95,0.38,Am,59.86,27.56,166.23,-43.9300,-3.1200
2102408,Maranhão,      Cajapió,366,0.629238,0.5892243,0.60,0.00,1.00,0.15,0.04,0.92,0.94,0.32,Aw,5.62,27.90,161.12,-44.5700,-2.8600
2102507,Maranhão,      Cajari,367,0.557764,0.7928719,0.41,0.00,1.00,0.00,0.04,0.91,0.94,0.29,Am,10.22,27.94,153.65,-45.0500,-3.3900
2102606,Maranhão,      Cândido Mendes,368,0.535346,0.8679498,0.89,0.00,1.00,0.00,0.04,0.90,0.99,0.56,Am,34.07,27.74,215.27,-45.6800,-1.6200
2102903,Maranhão,      Carutapera,369,0.624465,0.6013713,0.90,0.00,1.00,0.00,0.02,0.96,0.98,0.39,As,22.87,27.79,193.20,-46.0300,-1.3500
2103109,Maranhão,      Cedral,370,0.570567,0.7526415,0.55,0.00,1.00,0.00,0.00,0.99,0.99,0.14,As,24.47,27.74,164.93,-44.5900,-1.9800
2103125,Maranhão,      Central do Maranhão,371,0.703031,0.4224122,0.96,0.00,1.00,0.00,0.01,0.98,0.91,0.49,As,24.93,27.79,167.35,-44.8600,-2.2500
2103158,Maranhão,      Centro do Guilherme,372,0.623743,0.6032237,0.99,0.00,1.00,0.00,0.01,0.97,0.93,0.32,Am,67.26,27.66,214.10,-46.1200,-2.4300
2103174,Maranhão,      Centro Novo do Maranhão,373,0.646765,0.5461575,0.97,0.00,1.00,0.01,0.03,0.94,0.96,0.63,Am,111.70,27.49,176.29,-46.5300,-3.0700
2103257,Maranhão,      Cidelândia,374,0.581801,0.7188016,0.98,0.00,1.00,0.00,0.05,0.90,0.87,0.29,Aw,256.09,26.87,130.66,-47.8300,-5.0600
2103554,Maranhão,      Conceição do Lago-Açu,375,0.619557,0.6140552,0.82,0.00,1.00,0.00,0.05,0.87,0.76,0.70,Aw,11.67,27.93,145.55,-44.8400,-3.8000
2103703,Maranhão,      Cururupu,376,0.614295,0.627882,0.64,0.00,1.00,0.00,0.00,0.99,0.94,0.58,As,15.47,27.78,150.11,-44.8100,-1.7000
2104305,Maranhão,      Godofredo Viana,377,1,0,0.99,0.00,1.00,0.01,0.02,0.95,0.93,0.29,Am,19.70,27.80,206.11,-45.7600,-1.3700
2104651,Maranhão,      Governador Newton Bello,378,0.602752,0.6590584,0.98,0.00,1.00,0.00,0.08,0.83,0.87,0.47,Am,56.19,27.76,156.38,-45.9300,-3.4200
2104677,Maranhão,      Governador Nunes Freire,379,0.620783,0.6108701,0.79,0.00,1.00,0.01,0.02,0.97,0.93,0.57,Am,53.28,27.69,217.21,-45.8200,-2.0600
2104909,Maranhão,      Guimarães,380,0.639436,0.5638786,0.69,0.00,1.00,0.00,0.01,0.98,0.94,0.22,As,19.90,27.79,172.50,-44.6400,-2.1500
2105005,Maranhão,      Humberto de Campos,381,0.878597,0.1381783,0.88,0.00,1.00,0.00,0.05,0.90,0.98,0.62,As,27.56,27.68,158.56,-43.5800,-2.6100
2105104,Maranhão,      Icatu,382,0.701682,0.4251478,0.96,0.00,0.99,0.00,0.01,0.97,0.98,0.47,As,24.07,27.73,162.05,-43.8700,-2.6200
2105153,Maranhão,      Igarapé do Meio,383,0.74768,0.3374702,0.72,0.00,1.00,0.00,0.01,0.98,0.97,0.78,Am,19.26,27.91,152.34,-45.1200,-3.6600
2105302,Maranhão,      Imperatriz,384,0.584643,0.7104447,0.98,0.00,1.00,0.05,0.02,0.96,0.90,0.33,Aw,159.10,27.35,123.26,-47.5800,-5.3400
2105401,Maranhão,      Itapecuru Mirim,385,0.841669,0.1881161,0.66,0.00,0.99,0.00,0.07,0.84,0.96,0.63,Am,40.97,27.71,150.47,-44.2800,-3.3900
2105427,Maranhão,      Itinga do Maranhão,386,0.632785,0.580316,0.91,0.00,1.00,0.00,0.05,0.89,0.91,0.42,Aw,204.65,27.10,139.33,-47.2600,-4.2700
2105500,Maranhão,      João Lisboa,387,0.603983,0.6556744,1.00,0.00,1.00,0.01,0.03,0.94,0.85,0.36,Aw,250.19,26.86,118.02,-47.1300,-5.2300
2105658,Maranhão,      Junco do Maranhão,388,1,0,0.97,0.00,1.00,0.00,0.03,0.91,0.93,0.50,Am,38.53,27.77,217.67,-46.1200,-1.9200
2105708,Maranhão,      Lago da Pedra,389,0.782765,0.2775234,0.91,0.00,1.00,0.02,0.07,0.85,0.71,0.51,Aw,168.15,27.13,126.80,-45.2100,-4.7400
2105807,Maranhão,      Lago do Junco,390,0.54571,0.832476,0.91,0.00,1.00,0.00,0.08,0.83,0.86,0.50,Aw,68.73,27.64,133.10,-44.9800,-4.5200
2105906,Maranhão,      Lago Verde,391,0.582051,0.7180638,0.99,0.00,1.00,0.00,0.04,0.91,0.95,0.49,Aw,19.69,27.89,143.84,-44.8800,-3.9900
2106201,Maranhão,      Luís Domingues,392,0.690337,0.4485672,1.00,0.00,1.00,0.03,0.02,0.95,0.97,0.45,Am,30.98,27.75,198.22,-45.8900,-1.3900
2106326,Maranhão,      Maracaçumé,393,0.614421,0.6275493,0.99,0.00,1.00,0.00,0.03,0.92,0.90,0.53,Am,46.93,27.72,218.85,-45.9900,-1.9800
2106359,Maranhão,      Marajá do Sena,394,0.556856,0.7957979,0.98,0.00,1.00,0.01,0.07,0.84,0.77,0.51,Aw,208.82,26.94,118.90,-45.6300,-4.7100
2106375,Maranhão,      Maranhãozinho,395,0.531369,0.881931,0.96,0.00,1.00,0.08,0.06,0.86,0.87,0.48,Am,71.87,27.63,211.62,-45.9500,-2.4100
2106508,Maranhão,      Matinha,396,0.677954,0.4750274,0.92,0.00,1.00,0.00,0.03,0.91,0.87,0.26,Am,17.83,27.88,162.40,-45.0000,-3.0700
2106755,Maranhão,      Miranda do Norte,397,1,0,0.93,0.00,1.00,0.00,0.05,0.91,0.87,0.39,Aw,38.96,27.75,142.74,-44.5300,-3.5300
2106805,Maranhão,      Mirinzal,398,0.686644,0.4563586,0.43,0.00,1.00,0.00,0.01,0.97,0.88,0.30,As,36.38,27.71,160.73,-44.8400,-2.0600
2106904,Maranhão,      Monção,399,0.653453,0.5303329,0.91,0.00,1.00,0.08,0.02,0.95,0.93,0.44,Am,19.78,27.91,156.05,-45.3200,-3.4900
2107357,Maranhão,      Nova Olinda do Maranhão,400,0.634943,0.5749443,0.99,0.00,1.00,0.01,0.03,0.92,0.88,0.37,Am,72.42,27.65,186.39,-45.9600,-2.9000
2107407,Maranhão,      Olho d'Água das Cunhãs,401,0.605343,0.6519573,0.98,0.00,1.00,0.00,0.03,0.93,0.90,0.36,Aw,33.51,27.84,141.98,-45.1200,-4.0900
2107456,Maranhão,      Olinda Nova do Maranhão,402,0.626539,0.5960691,0.67,0.00,1.00,0.00,0.01,0.97,0.88,0.38,Am,23.92,27.85,168.33,-45.0100,-2.9800
2107506,Maranhão,      Paço do Lumiar,403,0.535943,0.86587,0.95,0.00,1.00,0.05,0.01,0.97,0.90,0.23,As,25.14,27.74,165.30,-44.1200,-2.5100
2107605,Maranhão,      Palmeirândia,404,0.700401,0.4277535,0.38,0.00,1.00,0.01,0.02,0.94,0.94,0.34,As,22.31,27.84,173.89,-45.0200,-2.6900
2108108,Maranhão,      Paulo Ramos,405,0.650856,0.5364381,1.00,0.00,1.00,0.01,0.02,0.83,0.85,0.47,Aw,123.07,27.39,127.77,-45.3900,-4.5200
2108256,Maranhão,      Pedro do Rosário,406,0.635652,0.5731877,0.82,0.00,0.99,0.00,0.02,0.95,0.93,0.43,Am,38.04,27.80,181.82,-45.4300,-2.9900
2108306,Maranhão,      Penalva,407,0.528722,0.8913521,0.89,0.00,0.99,0.00,0.01,0.97,0.95,0.42,Am,16.75,27.92,159.12,-45.2900,-3.2500
2108405,Maranhão,      Peri Mirim,408,0.618093,0.6178788,0.76,0.00,1.00,0.00,0.04,0.90,0.97,0.29,As,15.24,27.86,165.00,-44.9000,-2.5700
2108504,Maranhão,      Pindaré-Mirim,409,0.548507,0.8231302,0.94,0.00,1.00,0.00,0.01,0.98,0.94,0.46,Am,22.07,27.92,152.81,-45.4400,-3.6900
2108603,Maranhão,      Pinheiro,410,0.541815,0.8456489,0.64,0.00,1.00,0.01,0.05,0.87,0.87,0.41,Am,26.73,27.81,181.26,-45.1300,-2.5000
2108702,Maranhão,      Pio XII,411,0.704843,0.4187553,0.89,0.00,1.00,0.00,0.05,0.89,0.96,0.55,Aw,22.50,27.89,147.07,-45.0900,-3.8500
2109056,Maranhão,      Porto Rico do Maranhão,412,0.890481,0.1229885,0.61,0.00,1.00,0.01,0.01,0.98,0.98,0.32,As,17.60,27.78,157.65,-44.6400,-1.8900
2109205,Maranhão,      Presidente Juscelino,413,0.592106,0.6888856,0.46,0.00,1.00,0.00,0.02,0.95,0.93,0.46,Am,41.11,27.68,163.54,-44.0800,-3.0900
2109239,Maranhão,      Presidente Médici,414,0.54572,0.8324422,0.85,0.00,1.00,0.00,0.03,0.93,0.88,0.47,Am,41.78,27.77,214.49,-45.7700,-2.3200
2109270,Maranhão,      Presidente Sarney,415,0.898712,0.112703,0.59,0.00,1.00,0.00,0.04,0.90,0.84,0.36,Am,30.41,27.82,203.95,-45.3600,-2.5900
2109452,Maranhão,      Raposa,416,0.642184,0.5571871,1.00,0.00,1.00,0.01,0.05,0.90,0.98,0.55,As,10.47,27.81,164.77,-44.0900,-2.4300
2109601,Maranhão,      Rosário,417,0.555092,0.8015046,0.27,0.00,1.00,0.08,0.03,0.94,0.96,0.43,Am,24.68,27.77,162.55,-44.2000,-2.9500
2109809,Maranhão,      Santa Helena,418,0.627886,0.5926468,0.75,0.00,1.00,0.01,0.02,0.95,0.94,0.43,Am,23.64,27.84,195.76,-45.3700,-2.4200
2109908,Maranhão,      Santa Inês,419,0.570809,0.7518984,0.98,0.00,1.00,0.01,0.02,0.94,0.92,0.52,Aw,38.90,27.83,144.91,-45.4300,-3.8400
2110005,Maranhão,      Santa Luzia,420,0.61055,0.6378684,0.97,0.00,1.00,0.04,0.04,0.91,0.88,0.53,Aw,168.12,27.19,125.91,-45.9300,-4.2700
2110039,Maranhão,      Santa Luzia do Paruá,421,0.603581,0.6567791,0.98,0.00,1.00,0.11,0.02,0.95,0.84,0.36,Am,39.80,27.79,208.52,-45.7700,-2.5400
2110203,Maranhão,      Santa Rita,422,0.628664,0.590676,0.70,0.00,1.00,0.01,0.01,0.97,0.95,0.53,Am,22.69,27.80,153.56,-44.3200,-3.1600
2110500,Maranhão,      São Bento,423,0.592136,0.6888014,0.92,0.00,1.00,0.00,0.03,0.93,0.97,0.52,Am,22.22,27.84,174.58,-45.0000,-2.8000
2110856,Maranhão,      São Francisco do Brejão,424,0.577348,0.7320565,0.95,0.00,1.00,0.00,0.07,0.85,0.90,0.49,Aw,322.88,26.50,119.36,-47.3500,-5.1600
2111003,Maranhão,      São João Batista,425,1,0,0.63,0.00,0.99,0.00,0.01,0.97,0.99,0.37,Am,6.35,27.92,157.15,-44.7600,-3.0000
2111029,Maranhão,      São João do Carú,426,0.533725,0.8736232,0.86,0.00,1.00,0.00,0.06,0.87,0.81,0.64,Am,97.05,27.58,152.59,-46.3800,-3.5100
2111201,Maranhão,      São José de Ribamar,427,0.70416,0.420132,0.89,0.00,1.00,0.02,0.01,0.98,0.88,0.22,As,11.38,27.81,163.35,-44.0900,-2.5800
2111300,Maranhão,      São Luís,428,1,0,0.87,0.00,1.00,0.07,0.03,0.93,0.97,0.33,Aw,15.09,27.82,169.05,-44.3100,-2.6300
2111508,Maranhão,      São Mateus do Maranhão,429,0.528416,0.8924467,0.90,0.00,1.00,0.00,0.08,0.83,0.88,0.64,Aw,31.49,27.80,141.03,-44.5300,-3.9900
2111532,Maranhão,      São Pedro da Água Branca,430,0.579627,0.7252486,0.99,0.00,1.00,0.00,0.02,0.96,0.96,0.39,Aw,137.29,27.50,146.65,-48.3700,-5.1300
2111706,Maranhão,      São Vicente Ferrer,431,1,0,0.89,0.00,1.00,0.00,0.01,0.98,0.95,0.47,Aw,22.00,27.85,168.60,-44.9400,-2.8800
2111722,Maranhão,      Satubinha,432,0.532055,0.8795062,0.96,0.00,1.00,0.00,0.04,0.90,0.97,0.58,Aw,31.49,27.86,143.69,-45.2600,-3.9400
2111763,Maranhão,      Senador La Rocque,433,0.580522,0.7225889,0.96,0.00,1.00,0.00,0.04,0.92,0.83,0.55,Aw,248.12,26.86,117.71,-47.1400,-5.3900
2111789,Maranhão,      Serrano do Maranhão,434,0.59566,0.6788098,0.27,0.00,1.00,0.00,0.04,0.91,0.96,0.70,As,26.20,27.76,152.90,-45.0200,-1.8700
2112274,Maranhão,      Tufilândia,435,0.592988,0.6863749,0.96,0.00,1.00,0.01,0.01,0.97,0.89,0.53,Aw,27.94,27.90,147.64,-45.5800,-3.7600
2112407,Maranhão,      Turiaçu,436,1,0,0.78,0.00,0.99,0.00,0.04,0.91,0.97,0.56,Am,33.97,27.74,189.39,-45.4600,-1.7700
2112456,Maranhão,      Turilândia,437,0.592944,0.6865011,0.87,0.00,1.00,0.00,0.01,0.97,0.94,0.56,Am,25.61,27.82,198.45,-45.4400,-2.1600
2112803,Maranhão,      Viana,438,0.757812,0.3195877,0.83,0.00,0.99,0.05,0.03,0.93,0.87,0.39,Am,15.95,27.90,158.89,-45.0000,-3.1600
2112852,Maranhão,      Vila Nova dos Martírios,439,0.822297,0.216106,1.00,0.00,1.00,0.00,0.03,0.92,0.89,0.33,Aw,198.92,27.18,138.19,-48.0800,-5.0700
2112902,Maranhão,      Vitória do Mearim,440,0.653133,0.531081,0.78,0.00,1.00,0.02,0.03,0.94,0.94,0.39,Am,13.17,27.92,149.16,-44.9200,-3.5700
2113009,Maranhão,      Vitorino Freire,441,0.586469,0.7051196,0.96,0.00,1.00,0.01,0.04,0.88,0.87,0.55,Aw,52.65,27.76,135.02,-45.3100,-4.2400
2114007,Maranhão,      Zé Doca,442,0.593256,0.6856131,0.90,0.00,1.00,0.00,0.03,0.91,0.91,0.48,Am,72.66,27.67,161.28,-45.9100,-3.2600
5100250,Mato Grosso,      Alta Floresta,443,0.854742,0.1699441,0.95,0.00,1.00,0.01,0.02,0.95,0.95,0.12,Am,294.85,26.31,252.69,-56.3700,-10.0600
5100359,Mato Grosso,      Alto Boa Vista,444,0.767663,0.3026553,0.43,0.00,1.00,0.00,0.07,0.87,0.96,0.13,Aw,324.53,26.00,169.37,-51.7500,-11.8100
5100508,Mato Grosso,      Alto Paraguai,445,0.671526,0.4891451,0.87,0.00,1.00,0.00,0.03,0.95,0.74,0.18,Aw,295.81,25.35,126.19,-56.6600,-14.7600
5100805,Mato Grosso,      Apiacás,446,1,0,0.92,0.00,1.00,0.00,0.05,0.90,0.83,0.62,Am,220.66,26.63,247.82,-57.8300,-8.7500
5101258,Mato Grosso,      Araputanga,447,1,0,0.97,0.00,1.00,0.00,0.05,0.88,0.83,0.37,Aw,368.55,24.78,133.81,-58.4600,-15.2600
5101308,Mato Grosso,      Arenápolis,448,0.654473,0.5279462,0.98,0.00,1.00,0.00,0.04,0.91,0.84,0.36,Aw,279.70,25.47,135.96,-56.8600,-14.5100
5101407,Mato Grosso,      Aripuanã,449,1,0,0.96,0.26,1.00,0.01,0.06,0.87,0.96,0.34,Am,226.63,26.21,235.87,-59.8400,-10.1900
5101704,Mato Grosso,      Barra do Bugres,450,0.768537,0.3011738,0.98,0.00,1.00,0.01,0.00,0.97,0.88,0.26,Aw,265.24,25.33,127.31,-57.5600,-15.0700
5101852,Mato Grosso,      Bom Jesus do Araguaia,451,0.79036,0.265246,0.91,0.00,1.00,0.00,0.07,0.85,0.93,0.27,Aw,328.77,25.90,171.29,-51.7400,-12.2200
5101902,Mato Grosso,      Brasnorte,452,0.930262,0.07496642,0.95,0.00,1.00,0.03,0.02,0.96,0.86,0.28,Am,338.27,25.62,201.23,-58.0000,-12.4200
5102694,Mato Grosso,      Canabrava do Norte,453,0.643853,0.5531501,0.93,0.00,1.00,0.14,0.04,0.91,0.77,0.43,Aw,244.82,26.50,174.34,-51.8200,-11.2000
5102702,Mato Grosso,      Canarana,454,1,0,0.96,0.00,1.00,0.01,0.04,0.92,0.73,0.34,Aw,353.73,25.53,181.82,-52.4000,-13.3300
5102793,Mato Grosso,      Carlinda,455,0.684451,0.4610252,0.98,0.00,1.00,0.01,0.05,0.90,0.95,0.23,Am,278.83,26.41,251.14,-55.8300,-10.1100
5102850,Mato Grosso,      Castanheira,456,0.796445,0.2555797,0.90,0.00,1.00,0.00,0.06,0.88,0.92,0.37,Am,297.05,25.99,234.89,-58.6100,-10.9500
5103056,Mato Grosso,      Cláudia,457,0.952593,0.04976654,0.94,0.00,1.00,0.02,0.03,0.94,0.87,0.09,Am,343.14,25.96,225.56,-55.0500,-11.4500
5103205,Mato Grosso,      Colíder,458,0.698022,0.43262,0.98,0.00,1.00,0.00,0.04,0.92,0.84,0.18,Am,306.55,26.24,242.01,-55.4700,-10.6300
5103254,Mato Grosso,      Colniza,459,0.986349,0.01383984,0.98,0.00,0.99,0.00,0.08,0.82,0.86,0.29,Am,152.71,26.52,239.46,-60.3000,-9.2900
5103304,Mato Grosso,      Comodoro,460,0.882445,0.1332147,0.71,0.00,1.00,0.01,0.04,0.90,0.80,0.29,Am,425.59,24.94,190.03,-59.7500,-13.2000
5103353,Mato Grosso,      Confresa,461,0.638046,0.5672847,0.93,0.00,1.00,0.00,0.06,0.87,0.94,0.29,Aw,281.75,26.45,182.50,-51.7000,-10.4000
5103361,Mato Grosso,      Conquista D'Oeste,462,1,0,0.94,0.00,1.00,0.01,0.06,0.86,0.79,0.24,Am,498.48,24.35,155.29,-59.3300,-14.6400
5103379,Mato Grosso,      Cotriguaçu,463,0.874126,0.1440001,0.86,0.00,1.00,0.00,0.05,0.90,0.93,0.32,Am,235.25,26.40,252.42,-58.6800,-9.5400
5103437,Mato Grosso,      Curvelândia,464,0.591753,0.6898932,0.98,0.00,1.00,0.01,0.04,0.91,0.90,0.66,Aw,172.65,25.53,118.44,-57.8800,-15.6200
5103452,Mato Grosso,      Denise,465,0.562171,0.7788174,1.00,0.00,1.00,0.00,0.00,0.99,0.96,0.06,Aw,215.77,25.68,129.17,-56.9600,-14.7200
5103502,Mato Grosso,      Diamantino,466,1,0,0.81,0.00,1.00,0.07,0.03,0.88,0.82,0.19,Aw,475.88,24.75,152.76,-56.8000,-14.1000
5103700,Mato Grosso,      Feliz Natal,467,1,0,0.64,0.00,1.00,0.02,0.01,0.99,0.91,0.08,Am,337.95,25.92,209.37,-54.1700,-11.9200
5103809,Mato Grosso,      Figueirópolis D'Oeste,468,0.656558,0.5230936,1.00,0.00,1.00,0.00,0.05,0.89,0.87,0.30,Aw,243.59,25.19,132.58,-58.7000,-15.5300
5103858,Mato Grosso,      Gaúcha do Norte,469,1,0,0.96,0.00,1.00,0.01,0.01,0.97,0.79,0.08,Am,358.96,25.60,193.76,-53.4600,-13.0000
5103957,Mato Grosso,      Glória D'Oeste,470,0.718253,0.3922669,0.98,0.00,1.00,0.00,0.01,0.98,0.94,0.12,Aw,186.76,25.36,121.22,-58.3200,-15.8400
5104104,Mato Grosso,      Guarantã do Norte,471,0.7285,0.3726842,0.73,0.00,1.00,0.01,0.12,0.75,0.84,0.78,Am,382.93,26.06,244.76,-54.6200,-9.7800
5104500,Mato Grosso,      Indiavaí,472,1,0,0.97,0.00,1.00,0.00,0.08,0.81,0.89,0.17,Aw,304.02,25.01,134.67,-58.6000,-15.3300
5104526,Mato Grosso,      Ipiranga do Norte,473,0.929343,0.07602935,0.86,0.00,1.00,0.03,0.02,0.95,0.57,0.11,Am,368.95,25.70,210.95,-56.0600,-12.0100
5104542,Mato Grosso,      Itanhangá,474,1,0,0.63,0.00,1.00,0.00,0.04,0.91,0.97,0.06,Am,319.20,25.85,203.16,-56.7600,-12.1400
5104559,Mato Grosso,      Itaúba,475,1,0,0.98,0.00,1.00,0.00,0.02,0.97,0.96,0.34,Am,344.96,25.99,233.55,-55.5900,-11.1100
5105002,Mato Grosso,      Jauru,476,0.640401,0.561522,0.99,0.00,1.00,0.00,0.07,0.86,0.90,0.54,Aw,405.79,24.58,139.05,-58.8700,-15.3100
5105101,Mato Grosso,      Juara,477,0.962686,0.03875991,0.98,0.00,1.00,0.01,0.04,0.91,0.83,0.30,Am,314.93,25.99,234.88,-57.6200,-11.0200
5105150,Mato Grosso,      Juína,478,0.85471,0.1699874,0.99,0.00,1.00,0.03,0.04,0.90,0.89,0.27,Am,352.33,25.59,219.09,-59.3300,-11.5300
5105176,Mato Grosso,      Juruena,479,0.796044,0.2562122,0.79,0.00,1.00,0.01,0.11,0.77,0.91,0.34,Am,256.59,26.23,245.23,-58.5900,-10.3600
5105234,Mato Grosso,      Lambari D'Oeste,480,0.753776,0.3266541,0.88,0.00,1.00,0.01,0.01,0.92,0.88,0.79,Aw,179.80,25.58,122.28,-57.7800,-15.3700
5105507,Mato Grosso,      Vila Bela da Santíssima Trindade,481,1,0,0.97,0.00,1.00,0.01,0.01,0.96,0.84,0.21,Am,264.89,25.06,154.76,-59.9900,-15.1900
5105580,Mato Grosso,      Marcelândia,482,1,0,0.97,0.00,1.00,0.01,0.07,0.84,0.88,0.26,Am,343.76,26.08,223.37,-54.0500,-10.8900
5105606,Mato Grosso,      Matupá,483,0.850239,0.1761394,0.93,0.00,1.00,0.03,0.08,0.83,0.88,0.23,Am,345.07,26.20,237.24,-54.3500,-10.0200
5105622,Mato Grosso,      Mirassol d'Oeste,484,0.643653,0.5536313,0.96,0.00,1.00,0.11,0.08,0.83,0.96,0.25,Aw,226.30,25.28,120.14,-58.0500,-15.6500
5106000,Mato Grosso,      Nortelândia,485,0.716444,0.3957818,0.94,0.00,1.00,0.00,0.01,0.98,0.47,0.44,Aw,369.17,25.14,141.84,-56.7200,-14.3500
5106158,Mato Grosso,      Nova Bandeirantes,486,1,0,0.90,0.00,1.00,0.00,0.03,0.93,0.94,0.21,Am,256.56,26.36,252.09,-58.0800,-9.7700
5106182,Mato Grosso,      Nova Lacerda,487,1,0,1.00,0.00,1.00,0.01,0.02,0.95,0.71,0.48,Am,348.85,24.98,168.12,-59.7700,-14.3000
5106190,Mato Grosso,      Nova Santa Helena,488,0.941359,0.06229409,0.99,0.00,1.00,0.02,0.01,0.98,0.86,0.14,Am,365.96,25.96,233.96,-54.9100,-10.9200
5106216,Mato Grosso,      Nova Canaã do Norte,489,0.806934,0.2392586,0.97,0.00,1.00,0.00,0.03,0.92,0.86,0.46,Am,308.28,26.19,242.55,-56.0400,-10.7000
5106232,Mato Grosso,      Nova Olímpia,490,1,0,0.81,0.00,1.00,0.01,0.04,0.76,0.94,0.23,Aw,242.20,25.52,132.19,-57.4000,-14.7800
5106240,Mato Grosso,      Nova Ubiratã,491,1,0,0.95,0.00,1.00,0.05,0.04,0.90,0.76,0.17,Aw,399.15,25.41,196.32,-54.7700,-12.9900
5106265,Mato Grosso,      Novo Mundo,492,0.86051,0.1621014,0.94,0.00,1.00,0.00,0.06,0.86,0.82,0.40,Am,313.86,26.33,251.58,-55.4000,-9.7500
5106273,Mato Grosso,      Novo Horizonte do Norte,493,0.662984,0.5083328,0.98,0.00,1.00,0.00,0.05,0.90,0.71,0.24,Am,291.50,26.06,226.07,-57.3100,-11.3800
5106299,Mato Grosso,      Paranaíta,494,0.797811,0.2534289,0.93,0.00,1.00,0.00,0.06,0.87,0.86,0.64,Am,263.21,26.48,255.10,-56.6800,-9.5900
5106307,Mato Grosso,      Paranatinga,495,1,0,0.97,0.00,1.00,0.03,0.05,0.86,0.93,0.29,Aw,442.69,25.05,184.09,-54.1100,-13.6800
5106422,Mato Grosso,      Peixoto de Azevedo,496,0.889972,0.1236303,0.97,0.00,1.00,0.00,0.03,0.93,0.83,0.27,Am,337.64,26.23,221.52,-53.5900,-10.1500
5106752,Mato Grosso,      Pontes e Lacerda,497,0.851429,0.1744954,0.98,0.00,1.00,0.00,0.04,0.90,0.82,0.18,Aw,351.90,24.68,144.15,-59.4600,-15.5200
5106778,Mato Grosso,      Porto Alegre do Norte,498,0.6776,0.4757964,0.99,0.00,1.00,0.01,0.09,0.78,0.77,0.31,Aw,218.93,26.68,175.84,-51.7100,-10.8200
5106802,Mato Grosso,      Porto dos Gaúchos,499,0.906949,0.1025982,0.95,0.00,1.00,0.00,0.02,0.95,0.91,0.22,Am,338.14,25.85,215.57,-56.7500,-11.7300
5106828,Mato Grosso,      Porto Esperidião,500,0.804567,0.2429047,0.97,0.00,1.00,0.00,0.06,0.86,0.97,0.30,Aw,274.30,24.91,130.42,-58.9800,-15.9600
5107065,Mato Grosso,      Querência,501,1,0,0.94,0.00,1.00,0.09,0.02,0.94,0.59,0.29,Am,323.95,25.94,191.43,-52.7400,-12.1600
5107107,Mato Grosso,      São José dos Quatro Marcos,502,0.647915,0.5434112,0.97,0.00,1.00,0.01,0.06,0.87,0.83,0.20,Aw,213.95,25.34,125.16,-58.3000,-15.5700
5107156,Mato Grosso,      Reserva do Cabaçal,503,0.966686,0.03446211,1.00,0.00,1.00,0.14,0.04,0.90,0.86,0.36,Aw,538.36,24.18,140.69,-58.4600,-14.9300
5107180,Mato Grosso,      Ribeirão Cascalheira,504,0.798252,0.2527374,0.91,0.00,1.00,0.00,0.05,0.88,0.84,0.29,Aw,287.98,25.94,171.39,-51.5700,-12.8700
5107206,Mato Grosso,      Rio Branco,505,0.669135,0.4944677,1.00,0.00,1.00,0.00,0.01,0.97,0.89,0.30,Aw,314.62,25.02,128.55,-58.1500,-15.2700
5107248,Mato Grosso,      Santa Carmem,506,0.914397,0.09361685,0.95,0.00,1.00,0.01,0.04,0.89,0.73,0.14,Am,353.73,25.83,214.88,-54.9000,-11.9400
5107263,Mato Grosso,      Santo Afonso,507,0.718216,0.3923394,0.99,0.00,1.00,0.00,0.02,0.95,0.90,0.29,Aw,335.72,25.22,141.72,-57.3400,-14.4500
5107305,Mato Grosso,      São José do Rio Claro,508,0.735644,0.3593535,0.85,0.00,1.00,0.00,0.01,0.95,0.79,0.40,Aw,387.83,25.25,170.91,-56.8100,-13.5500
5107354,Mato Grosso,      São José do Xingu,509,1,0,1.00,0.01,1.00,0.01,0.06,0.87,0.85,0.18,Am,310.45,26.28,198.39,-52.6200,-10.7000
5107578,Mato Grosso,      Rondolândia,510,1,0,0.99,0.00,1.00,0.05,0.07,0.84,0.92,0.25,Am,200.94,26.10,215.29,-61.0100,-10.4600
5107743,Mato Grosso,      Santa Cruz do Xingu,511,1,0,0.99,0.00,1.00,0.03,0.03,0.93,0.84,0.14,Am,299.87,26.43,202.79,-52.5400,-10.0700
5107750,Mato Grosso,      Salto do Céu,512,0.755076,0.3243702,0.99,0.00,1.00,0.00,0.07,0.84,0.80,0.39,Aw,386.98,24.79,132.57,-58.0500,-15.0500
5107776,Mato Grosso,      Santa Terezinha,513,0.860295,0.1623926,0.96,0.00,1.00,0.00,0.02,0.95,0.78,0.48,Aw,222.87,26.73,167.86,-50.7900,-10.3300
5107859,Mato Grosso,      São Félix do Araguaia,514,0.895857,0.1162495,0.98,0.00,1.00,0.00,0.06,0.86,0.83,0.38,Aw,276.07,26.30,175.35,-51.9700,-11.4500
5107909,Mato Grosso,      Sinop,515,0.766028,0.3054348,0.75,0.00,1.00,0.01,0.03,0.92,0.89,0.15,Am,357.45,25.83,219.86,-55.5000,-11.7100
5107925,Mato Grosso,      Sorriso,516,0.923724,0.0825744,0.78,0.00,1.00,0.02,0.04,0.93,0.55,0.20,Aw,387.27,25.49,197.38,-55.6800,-12.7400
5107941,Mato Grosso,      Tabaporã,517,0.87059,0.1486459,0.94,0.00,1.00,0.01,0.06,0.87,0.92,0.34,Am,358.20,25.87,230.39,-56.5000,-11.2100
5107958,Mato Grosso,      Tangará da Serra,518,1,0,0.91,0.00,1.00,0.02,0.05,0.88,0.88,0.27,Aw,560.80,24.24,151.81,-58.3200,-14.4200
5108006,Mato Grosso,      Tapurah,519,1,0,0.83,0.01,1.00,0.00,0.00,0.98,0.60,0.24,Aw,340.49,25.69,196.00,-56.5300,-12.5700
5108055,Mato Grosso,      Terra Nova do Norte,520,0.658338,0.5189776,0.98,0.00,1.00,0.06,0.04,0.91,0.78,0.29,Am,323.39,26.21,241.14,-54.9800,-10.5100
5108303,Mato Grosso,      União do Sul,521,0.931737,0.0732644,0.97,0.00,1.00,0.00,0.01,0.97,0.88,0.11,Am,342.35,25.97,219.63,-54.3200,-11.5300
5108352,Mato Grosso,      Vale de São Domingos,522,0.675076,0.4813141,0.87,0.00,1.00,0.00,0.05,0.89,0.86,0.16,Aw,550.59,24.09,147.03,-58.9600,-14.9800
5108501,Mato Grosso,      Vera,523,0.874367,0.1436848,0.78,0.00,1.00,0.05,0.08,0.81,0.83,0.32,Aw,382.40,25.59,202.28,-55.3500,-12.4200
5108600,Mato Grosso,      Vila Rica,524,0.760512,0.3149029,0.96,0.00,1.00,0.01,0.07,0.86,0.82,0.39,Aw,290.38,26.47,183.34,-51.4000,-9.9800
5108808,Mato Grosso,      Nova Guarita,525,0.658523,0.5185487,0.87,0.00,1.00,0.03,0.03,0.94,0.86,0.12,Am,276.55,26.43,246.04,-55.3400,-10.2900
5108857,Mato Grosso,      Nova Marilândia,526,0.714079,0.400405,0.91,0.00,1.00,0.01,0.04,0.90,0.75,0.49,Aw,412.34,24.94,146.45,-57.2600,-14.2900
5108907,Mato Grosso,      Nova Maringá,527,1,0,0.91,0.00,1.00,0.00,0.02,0.96,0.88,0.36,Aw,347.30,25.57,190.39,-57.2200,-12.7800
5108956,Mato Grosso,      Nova Monte Verde,528,0.882678,0.132916,0.99,0.00,1.00,0.01,0.01,0.96,0.82,0.25,Am,278.73,26.33,252.45,-57.2500,-9.9700
,,,,,,,,,,,,,,,,,,,
,,,,,,,,,,,,,,,,,,,
,,,,,,,,,,,,,,,,,,,
,,,,,,,,,,,,,,,,,,,
,,,,,,,,,,,,,,,,,,,
,,,,,,,,,,,,,,,,,,,
,,,,,,,,,,,,,,,,,,,
,,,,,,,,,,,,,,,,,,,
,,,,,,,,,,,,,,,,,,,
,,,,,,,,,,,,,,,,,,,
,,,,,,,,,,,,,,,,,,,
,,,,,,,,,,,,,,,,,,,
,,,,,,,,,,,,,,,,,,,
,,,,,,,,,,,,,,,,,,,
,,,,,,,,,,,,,,,,,,,
,,,,,,,,,,,,,,,,,,,
,,,,,,,,,,,,,,,,,,,
,,,,,,,,,,,,,,,,,,,
,,,,,,,,,,,,,,,,,,,
,,,,,,,,,,,,,,,,,,,
,,,,,,,,,,,,,,,,,,,
,,,,,,,,,,,,,,,,,,,
,,,,,,,,,,,,,,,,,,,
,,,,,,,,,,,,,,,,,,,
,,,,,,,,,,,,,,,,,,,
,,,,,,,,,,,,,,,,,,,
,,,,,,,,,,,,,,,,,,,
,,,,,,,,,,,,,,,,,,,
,,,,,,,,,,,,,,,,,,,
,,,,,,,,,,,,,,,,,,,
,,,,,,,,,,,,,,,,,,,
,,,,,,,,,,,,,,,,,,,
,,,,,,,,,,,,,,,,,,,
,,,,,,,,,,,,,,,,,,,
,,,,,,,,,,,,,,,,,,,
,,,,,,,,,,,,,,,,,,,
,,,,,,,,,,,,,,,,,,,
,,,,,,,,,,,,,,,,,,,
,,,,,,,,,,,,,,,,,,,
,,,,,,,,,,,,,,,,,,,
,,,,,,,,,,,,,,,,,,,
,,,,,,,,,,,,,,,,,,,
,,,,,,,,,,,,,,,,,,,
,,,,,,,,,,,,,,,,,,,
,,,,,,,,,,,,,,,,,,,
,,,,,,,,,,,,,,,,,,,
,,,,,,,,,,,,,,,,,,,
,,,,,,,,,,,,,,,,,,,
,,,,,,,,,,,,,,,,,,,
,,,,,,,,,,,,,,,,,,,
,,,,,,,,,,,,,,,,,,,
,,,,,,,,,,,,,,,,,,,
,,,,,,,,,,,,,,,,,,,
,,,,,,,,,,,,,,,,,,,
,,,,,,,,,,,,,,,,,,,
,,,,,,,,,,,,,,,,,,,
,,,,,,,,,,,,,,,,,,,
,,,,,,,,,,,,,,,,,,,
,,,,,,,,,,,,,,,,,,,
,,,,,,,,,,,,,,,,,,,
,,,,,,,,,,,,,,,,,,,
,,,,,,,,,,,,,,,,,,,
,,,,,,,,,,,,,,,,,,,
